"LOCATION","INDICATOR","SUBJECT","MEASURE","FREQUENCY","TIME","Value","Flag Codes"
"AUS","SELFEMPWEMP","MEN","PC_EMP","A","1991",9.026331,
"AUS","SELFEMPWEMP","MEN","PC_EMP","A","1992",8.799062,
"AUS","SELFEMPWEMP","MEN","PC_EMP","A","1993",8.768209,
"AUS","SELFEMPWEMP","MEN","PC_EMP","A","1994",8.980591,
"AUS","SELFEMPWEMP","MEN","PC_EMP","A","1995",9.06363,
"AUS","SELFEMPWEMP","MEN","PC_EMP","A","1996",8.833968,
"AUS","SELFEMPWEMP","MEN","PC_EMP","A","1997",8.960256,
"AUS","SELFEMPWEMP","MEN","PC_EMP","A","1998",9.123059,
"AUS","SELFEMPWEMP","MEN","PC_EMP","A","1999",8.95822,
"AUS","SELFEMPWEMP","MEN","PC_EMP","A","2000",9.292164,
"AUS","SELFEMPWEMP","MEN","PC_EMP","A","2001",9.46055,
"AUS","SELFEMPWEMP","MEN","PC_EMP","A","2002",9.255911,
"AUS","SELFEMPWEMP","MEN","PC_EMP","A","2003",9.104682,
"AUS","SELFEMPWEMP","MEN","PC_EMP","A","2004",9.128036,
"AUS","SELFEMPWEMP","MEN","PC_EMP","A","2005",9.184709,
"AUS","SELFEMPWEMP","MEN","PC_EMP","A","2006",8.89999,
"AUS","SELFEMPWEMP","MEN","PC_EMP","A","2007",8.312415,
"AUS","SELFEMPWEMP","MEN","PC_EMP","A","2008",8.432326,
"AUS","SELFEMPWEMP","MEN","PC_EMP","A","2009",8.595926,
"AUS","SELFEMPWEMP","MEN","PC_EMP","A","2010",8.546878,
"AUS","SELFEMPWEMP","MEN","PC_EMP","A","2011",8.105651,
"AUS","SELFEMPWEMP","MEN","PC_EMP","A","2012",8.024387,
"AUS","SELFEMPWEMP","MEN","PC_EMP","A","2013",7.982447,
"AUS","SELFEMPWEMP","MEN","PC_EMP","A","2014",7.984218,
"AUS","SELFEMPWEMP","MEN","PC_EMP","A","2015",7.791142,
"AUS","SELFEMPWEMP","MEN","PC_EMP","A","2016",7.894125,
"AUS","SELFEMPWEMP","MEN","PC_EMP","A","2017",7.967227,
"AUS","SELFEMPWEMP","WOMEN","PC_EMP","A","1991",5.437706,
"AUS","SELFEMPWEMP","WOMEN","PC_EMP","A","1992",5.277368,
"AUS","SELFEMPWEMP","WOMEN","PC_EMP","A","1993",5.33914,
"AUS","SELFEMPWEMP","WOMEN","PC_EMP","A","1994",5.524444,
"AUS","SELFEMPWEMP","WOMEN","PC_EMP","A","1995",5.522766,
"AUS","SELFEMPWEMP","WOMEN","PC_EMP","A","1996",5.423211,
"AUS","SELFEMPWEMP","WOMEN","PC_EMP","A","1997",5.506339,
"AUS","SELFEMPWEMP","WOMEN","PC_EMP","A","1998",5.539696,
"AUS","SELFEMPWEMP","WOMEN","PC_EMP","A","1999",5.208141,
"AUS","SELFEMPWEMP","WOMEN","PC_EMP","A","2000",5.329222,
"AUS","SELFEMPWEMP","WOMEN","PC_EMP","A","2001",5.734203,
"AUS","SELFEMPWEMP","WOMEN","PC_EMP","A","2002",5.608345,
"AUS","SELFEMPWEMP","WOMEN","PC_EMP","A","2003",5.453687,
"AUS","SELFEMPWEMP","WOMEN","PC_EMP","A","2004",5.327032,
"AUS","SELFEMPWEMP","WOMEN","PC_EMP","A","2005",5.353482,
"AUS","SELFEMPWEMP","WOMEN","PC_EMP","A","2006",5.099369,
"AUS","SELFEMPWEMP","WOMEN","PC_EMP","A","2007",4.971775,
"AUS","SELFEMPWEMP","WOMEN","PC_EMP","A","2008",4.958927,
"AUS","SELFEMPWEMP","WOMEN","PC_EMP","A","2009",4.625806,
"AUS","SELFEMPWEMP","WOMEN","PC_EMP","A","2010",4.766609,
"AUS","SELFEMPWEMP","WOMEN","PC_EMP","A","2011",4.601101,
"AUS","SELFEMPWEMP","WOMEN","PC_EMP","A","2012",4.386547,
"AUS","SELFEMPWEMP","WOMEN","PC_EMP","A","2013",4.343425,
"AUS","SELFEMPWEMP","WOMEN","PC_EMP","A","2014",4.306011,
"AUS","SELFEMPWEMP","WOMEN","PC_EMP","A","2015",4.353965,
"AUS","SELFEMPWEMP","WOMEN","PC_EMP","A","2016",4.221757,
"AUS","SELFEMPWEMP","WOMEN","PC_EMP","A","2017",4.136927,
"AUT","SELFEMPWEMP","MEN","PC_EMP","A","1995",6.287323,
"AUT","SELFEMPWEMP","MEN","PC_EMP","A","1996",6.408862,
"AUT","SELFEMPWEMP","MEN","PC_EMP","A","1997",6.391946,
"AUT","SELFEMPWEMP","MEN","PC_EMP","A","1998",6.641573,
"AUT","SELFEMPWEMP","MEN","PC_EMP","A","1999",6.40047,
"AUT","SELFEMPWEMP","MEN","PC_EMP","A","2000",6.428362,
"AUT","SELFEMPWEMP","MEN","PC_EMP","A","2001",6.346719,
"AUT","SELFEMPWEMP","MEN","PC_EMP","A","2002",6.920798,
"AUT","SELFEMPWEMP","MEN","PC_EMP","A","2003",6.746575,
"AUT","SELFEMPWEMP","MEN","PC_EMP","A","2004",5.886277,"B"
"AUT","SELFEMPWEMP","MEN","PC_EMP","A","2005",6.50314,"B"
"AUT","SELFEMPWEMP","MEN","PC_EMP","A","2006",6.502721,
"AUT","SELFEMPWEMP","MEN","PC_EMP","A","2007",6.665397,"B"
"AUT","SELFEMPWEMP","MEN","PC_EMP","A","2008",6.324521,
"AUT","SELFEMPWEMP","MEN","PC_EMP","A","2009",6.482369,
"AUT","SELFEMPWEMP","MEN","PC_EMP","A","2010",6.432137,
"AUT","SELFEMPWEMP","MEN","PC_EMP","A","2011",6.542453,
"AUT","SELFEMPWEMP","MEN","PC_EMP","A","2012",6.477827,
"AUT","SELFEMPWEMP","MEN","PC_EMP","A","2013",6.262011,
"AUT","SELFEMPWEMP","MEN","PC_EMP","A","2014",6.584517,
"AUT","SELFEMPWEMP","MEN","PC_EMP","A","2015",6.2296,
"AUT","SELFEMPWEMP","MEN","PC_EMP","A","2016",6.259429,
"AUT","SELFEMPWEMP","WOMEN","PC_EMP","A","1995",2.611465,
"AUT","SELFEMPWEMP","WOMEN","PC_EMP","A","1996",2.662208,
"AUT","SELFEMPWEMP","WOMEN","PC_EMP","A","1997",2.825766,
"AUT","SELFEMPWEMP","WOMEN","PC_EMP","A","1998",2.985454,
"AUT","SELFEMPWEMP","WOMEN","PC_EMP","A","1999",2.855536,
"AUT","SELFEMPWEMP","WOMEN","PC_EMP","A","2000",3.05837,
"AUT","SELFEMPWEMP","WOMEN","PC_EMP","A","2001",2.969319,
"AUT","SELFEMPWEMP","WOMEN","PC_EMP","A","2002",2.990881,
"AUT","SELFEMPWEMP","WOMEN","PC_EMP","A","2003",2.913376,
"AUT","SELFEMPWEMP","WOMEN","PC_EMP","A","2004",2.243884,"B"
"AUT","SELFEMPWEMP","WOMEN","PC_EMP","A","2005",2.243666,"B"
"AUT","SELFEMPWEMP","WOMEN","PC_EMP","A","2006",2.527683,
"AUT","SELFEMPWEMP","WOMEN","PC_EMP","A","2007",2.603074,"B"
"AUT","SELFEMPWEMP","WOMEN","PC_EMP","A","2008",2.579288,
"AUT","SELFEMPWEMP","WOMEN","PC_EMP","A","2009",2.535536,
"AUT","SELFEMPWEMP","WOMEN","PC_EMP","A","2010",2.50489,
"AUT","SELFEMPWEMP","WOMEN","PC_EMP","A","2011",2.384149,
"AUT","SELFEMPWEMP","WOMEN","PC_EMP","A","2012",2.292264,
"AUT","SELFEMPWEMP","WOMEN","PC_EMP","A","2013",2.235579,
"AUT","SELFEMPWEMP","WOMEN","PC_EMP","A","2014",2.358367,
"AUT","SELFEMPWEMP","WOMEN","PC_EMP","A","2015",2.376495,
"AUT","SELFEMPWEMP","WOMEN","PC_EMP","A","2016",2.485171,
"BEL","SELFEMPWEMP","MEN","PC_EMP","A","1995",2.673158,
"BEL","SELFEMPWEMP","MEN","PC_EMP","A","1996",2.658677,
"BEL","SELFEMPWEMP","MEN","PC_EMP","A","1997",2.058758,
"BEL","SELFEMPWEMP","MEN","PC_EMP","A","1998",2.473342,
"BEL","SELFEMPWEMP","MEN","PC_EMP","A","1999",5.870756,"B"
"BEL","SELFEMPWEMP","MEN","PC_EMP","A","2000",6.120895,
"BEL","SELFEMPWEMP","MEN","PC_EMP","A","2001",6.145035,"B"
"BEL","SELFEMPWEMP","MEN","PC_EMP","A","2002",5.464434,
"BEL","SELFEMPWEMP","MEN","PC_EMP","A","2003",5.602754,
"BEL","SELFEMPWEMP","MEN","PC_EMP","A","2004",6.209474,
"BEL","SELFEMPWEMP","MEN","PC_EMP","A","2005",6.365138,"B"
"BEL","SELFEMPWEMP","MEN","PC_EMP","A","2006",6.368352,
"BEL","SELFEMPWEMP","MEN","PC_EMP","A","2007",6.204048,
"BEL","SELFEMPWEMP","MEN","PC_EMP","A","2008",5.855579,
"BEL","SELFEMPWEMP","MEN","PC_EMP","A","2009",6.168939,
"BEL","SELFEMPWEMP","MEN","PC_EMP","A","2010",6.10869,
"BEL","SELFEMPWEMP","MEN","PC_EMP","A","2011",5.947833,"B"
"BEL","SELFEMPWEMP","MEN","PC_EMP","A","2012",5.65464,
"BEL","SELFEMPWEMP","MEN","PC_EMP","A","2013",5.922222,
"BEL","SELFEMPWEMP","MEN","PC_EMP","A","2014",5.523413,
"BEL","SELFEMPWEMP","MEN","PC_EMP","A","2015",5.828362,
"BEL","SELFEMPWEMP","MEN","PC_EMP","A","2016",5.634787,
"BEL","SELFEMPWEMP","WOMEN","PC_EMP","A","1995",0.6358458,
"BEL","SELFEMPWEMP","WOMEN","PC_EMP","A","1996",0.5613154,
"BEL","SELFEMPWEMP","WOMEN","PC_EMP","A","1997",0.4372428,
"BEL","SELFEMPWEMP","WOMEN","PC_EMP","A","1998",0.7969136,
"BEL","SELFEMPWEMP","WOMEN","PC_EMP","A","1999",2.289711,"B"
"BEL","SELFEMPWEMP","WOMEN","PC_EMP","A","2000",2.253554,
"BEL","SELFEMPWEMP","WOMEN","PC_EMP","A","2001",1.972014,"B"
"BEL","SELFEMPWEMP","WOMEN","PC_EMP","A","2002",1.936425,
"BEL","SELFEMPWEMP","WOMEN","PC_EMP","A","2003",2.009934,
"BEL","SELFEMPWEMP","WOMEN","PC_EMP","A","2004",2.231147,
"BEL","SELFEMPWEMP","WOMEN","PC_EMP","A","2005",2.208923,"B"
"BEL","SELFEMPWEMP","WOMEN","PC_EMP","A","2006",2.406273,
"BEL","SELFEMPWEMP","WOMEN","PC_EMP","A","2007",2.231448,
"BEL","SELFEMPWEMP","WOMEN","PC_EMP","A","2008",2.060864,
"BEL","SELFEMPWEMP","WOMEN","PC_EMP","A","2009",2.24821,
"BEL","SELFEMPWEMP","WOMEN","PC_EMP","A","2010",2.353816,
"BEL","SELFEMPWEMP","WOMEN","PC_EMP","A","2011",1.871408,"B"
"BEL","SELFEMPWEMP","WOMEN","PC_EMP","A","2012",2.057975,
"BEL","SELFEMPWEMP","WOMEN","PC_EMP","A","2013",2.247191,
"BEL","SELFEMPWEMP","WOMEN","PC_EMP","A","2014",2.353334,
"BEL","SELFEMPWEMP","WOMEN","PC_EMP","A","2015",2.373478,
"BEL","SELFEMPWEMP","WOMEN","PC_EMP","A","2016",2.301305,
"CAN","SELFEMPWEMP","MEN","PC_EMP","A","1990",8.278688,
"CAN","SELFEMPWEMP","MEN","PC_EMP","A","1991",8.897109,
"CAN","SELFEMPWEMP","MEN","PC_EMP","A","1992",8.826887,
"CAN","SELFEMPWEMP","MEN","PC_EMP","A","1993",8.961823,
"CAN","SELFEMPWEMP","MEN","PC_EMP","A","1994",8.27162,
"CAN","SELFEMPWEMP","MEN","PC_EMP","A","1995",8.39026,
"CAN","SELFEMPWEMP","MEN","PC_EMP","A","1996",8.169032,
"CAN","SELFEMPWEMP","MEN","PC_EMP","A","1997",7.875279,
"CAN","SELFEMPWEMP","MEN","PC_EMP","A","1998",7.525228,
"CAN","SELFEMPWEMP","MEN","PC_EMP","A","1999",7.511059,
"CAN","SELFEMPWEMP","MEN","PC_EMP","A","2000",7.116666,
"CAN","SELFEMPWEMP","MEN","PC_EMP","A","2001",6.94066,
"CAN","SELFEMPWEMP","MEN","PC_EMP","A","2002",6.556785,
"CAN","SELFEMPWEMP","MEN","PC_EMP","A","2003",6.580333,
"CAN","SELFEMPWEMP","MEN","PC_EMP","A","2004",6.81501,
"CAN","SELFEMPWEMP","MEN","PC_EMP","A","2005",6.930332,
"CAN","SELFEMPWEMP","MEN","PC_EMP","A","2006",6.584817,
"CAN","SELFEMPWEMP","MEN","PC_EMP","A","2007",6.593018,
"CAN","SELFEMPWEMP","MEN","PC_EMP","A","2008",6.507701,
"CAN","SELFEMPWEMP","MEN","PC_EMP","A","2009",6.616732,
"CAN","SELFEMPWEMP","MEN","PC_EMP","A","2010",6.373622,
"CAN","SELFEMPWEMP","MEN","PC_EMP","A","2011",6.054048,
"CAN","SELFEMPWEMP","MEN","PC_EMP","A","2012",5.822841,
"CAN","SELFEMPWEMP","MEN","PC_EMP","A","2013",5.906497,
"CAN","SELFEMPWEMP","MEN","PC_EMP","A","2014",5.742006,
"CAN","SELFEMPWEMP","MEN","PC_EMP","A","2015",5.802604,
"CAN","SELFEMPWEMP","WOMEN","PC_EMP","A","1990",2.795833,
"CAN","SELFEMPWEMP","WOMEN","PC_EMP","A","1991",2.922908,
"CAN","SELFEMPWEMP","WOMEN","PC_EMP","A","1992",2.943758,
"CAN","SELFEMPWEMP","WOMEN","PC_EMP","A","1993",2.906241,
"CAN","SELFEMPWEMP","WOMEN","PC_EMP","A","1994",2.865674,
"CAN","SELFEMPWEMP","WOMEN","PC_EMP","A","1995",2.955914,
"CAN","SELFEMPWEMP","WOMEN","PC_EMP","A","1996",2.992147,
"CAN","SELFEMPWEMP","WOMEN","PC_EMP","A","1997",3.099298,
"CAN","SELFEMPWEMP","WOMEN","PC_EMP","A","1998",2.994687,
"CAN","SELFEMPWEMP","WOMEN","PC_EMP","A","1999",3.056877,
"CAN","SELFEMPWEMP","WOMEN","PC_EMP","A","2000",3.137193,
"CAN","SELFEMPWEMP","WOMEN","PC_EMP","A","2001",2.835568,
"CAN","SELFEMPWEMP","WOMEN","PC_EMP","A","2002",2.806488,
"CAN","SELFEMPWEMP","WOMEN","PC_EMP","A","2003",2.720466,
"CAN","SELFEMPWEMP","WOMEN","PC_EMP","A","2004",2.813372,
"CAN","SELFEMPWEMP","WOMEN","PC_EMP","A","2005",2.868005,
"CAN","SELFEMPWEMP","WOMEN","PC_EMP","A","2006",2.848581,
"CAN","SELFEMPWEMP","WOMEN","PC_EMP","A","2007",2.71973,
"CAN","SELFEMPWEMP","WOMEN","PC_EMP","A","2008",2.646056,
"CAN","SELFEMPWEMP","WOMEN","PC_EMP","A","2009",2.574894,
"CAN","SELFEMPWEMP","WOMEN","PC_EMP","A","2010",2.494601,
"CAN","SELFEMPWEMP","WOMEN","PC_EMP","A","2011",2.572186,
"CAN","SELFEMPWEMP","WOMEN","PC_EMP","A","2012",2.351757,
"CAN","SELFEMPWEMP","WOMEN","PC_EMP","A","2013",2.414784,
"CAN","SELFEMPWEMP","WOMEN","PC_EMP","A","2014",2.404291,
"CAN","SELFEMPWEMP","WOMEN","PC_EMP","A","2015",2.502185,
"CZE","SELFEMPWEMP","MEN","PC_EMP","A","1997",5.504417,
"CZE","SELFEMPWEMP","MEN","PC_EMP","A","1998",5.628805,
"CZE","SELFEMPWEMP","MEN","PC_EMP","A","1999",5.79977,
"CZE","SELFEMPWEMP","MEN","PC_EMP","A","2000",5.740146,
"CZE","SELFEMPWEMP","MEN","PC_EMP","A","2001",5.688484,
"CZE","SELFEMPWEMP","MEN","PC_EMP","A","2002",5.50675,
"CZE","SELFEMPWEMP","MEN","PC_EMP","A","2003",5.793942,
"CZE","SELFEMPWEMP","MEN","PC_EMP","A","2004",5.524819,
"CZE","SELFEMPWEMP","MEN","PC_EMP","A","2005",5.031634,"B"
"CZE","SELFEMPWEMP","MEN","PC_EMP","A","2006",5.435586,
"CZE","SELFEMPWEMP","MEN","PC_EMP","A","2007",5.096947,
"CZE","SELFEMPWEMP","MEN","PC_EMP","A","2008",4.808681,
"CZE","SELFEMPWEMP","MEN","PC_EMP","A","2009",5.020348,
"CZE","SELFEMPWEMP","MEN","PC_EMP","A","2010",4.959128,
"CZE","SELFEMPWEMP","MEN","PC_EMP","A","2011",4.863143,"B"
"CZE","SELFEMPWEMP","MEN","PC_EMP","A","2012",4.524655,
"CZE","SELFEMPWEMP","MEN","PC_EMP","A","2013",4.390795,
"CZE","SELFEMPWEMP","MEN","PC_EMP","A","2014",4.751221,
"CZE","SELFEMPWEMP","MEN","PC_EMP","A","2015",4.716777,
"CZE","SELFEMPWEMP","MEN","PC_EMP","A","2016",4.166667,
"CZE","SELFEMPWEMP","WOMEN","PC_EMP","A","1997",2.17779,
"CZE","SELFEMPWEMP","WOMEN","PC_EMP","A","1998",2.24091,
"CZE","SELFEMPWEMP","WOMEN","PC_EMP","A","1999",2.14139,
"CZE","SELFEMPWEMP","WOMEN","PC_EMP","A","2000",2.189961,
"CZE","SELFEMPWEMP","WOMEN","PC_EMP","A","2001",2.142717,
"CZE","SELFEMPWEMP","WOMEN","PC_EMP","A","2002",2.119348,
"CZE","SELFEMPWEMP","WOMEN","PC_EMP","A","2003",2.133202,
"CZE","SELFEMPWEMP","WOMEN","PC_EMP","A","2004",2.08724,
"CZE","SELFEMPWEMP","WOMEN","PC_EMP","A","2005",1.981461,"B"
"CZE","SELFEMPWEMP","WOMEN","PC_EMP","A","2006",2.217918,
"CZE","SELFEMPWEMP","WOMEN","PC_EMP","A","2007",1.855128,
"CZE","SELFEMPWEMP","WOMEN","PC_EMP","A","2008",1.845106,
"CZE","SELFEMPWEMP","WOMEN","PC_EMP","A","2009",1.922522,
"CZE","SELFEMPWEMP","WOMEN","PC_EMP","A","2010",1.754897,
"CZE","SELFEMPWEMP","WOMEN","PC_EMP","A","2011",1.79307,"B"
"CZE","SELFEMPWEMP","WOMEN","PC_EMP","A","2012",1.746368,
"CZE","SELFEMPWEMP","WOMEN","PC_EMP","A","2013",1.834775,
"CZE","SELFEMPWEMP","WOMEN","PC_EMP","A","2014",1.618001,
"CZE","SELFEMPWEMP","WOMEN","PC_EMP","A","2015",1.787782,
"CZE","SELFEMPWEMP","WOMEN","PC_EMP","A","2016",1.551826,
"DNK","SELFEMPWEMP","MEN","PC_EMP","A","1995",6.177091,
"DNK","SELFEMPWEMP","MEN","PC_EMP","A","1996",5.889768,
"DNK","SELFEMPWEMP","MEN","PC_EMP","A","1997",5.687335,
"DNK","SELFEMPWEMP","MEN","PC_EMP","A","1998",6.31299,
"DNK","SELFEMPWEMP","MEN","PC_EMP","A","1999",6.190115,
"DNK","SELFEMPWEMP","MEN","PC_EMP","A","2000",6.565586,
"DNK","SELFEMPWEMP","MEN","PC_EMP","A","2001",6.376307,
"DNK","SELFEMPWEMP","MEN","PC_EMP","A","2002",6.123591,
"DNK","SELFEMPWEMP","MEN","PC_EMP","A","2003",5.774076,
"DNK","SELFEMPWEMP","MEN","PC_EMP","A","2004",5.266815,
"DNK","SELFEMPWEMP","MEN","PC_EMP","A","2005",5.611641,"B"
"DNK","SELFEMPWEMP","MEN","PC_EMP","A","2006",5.825309,
"DNK","SELFEMPWEMP","MEN","PC_EMP","A","2007",5.657534,
"DNK","SELFEMPWEMP","MEN","PC_EMP","A","2008",5.633423,
"DNK","SELFEMPWEMP","MEN","PC_EMP","A","2009",5.840546,
"DNK","SELFEMPWEMP","MEN","PC_EMP","A","2010",5.275379,
"DNK","SELFEMPWEMP","MEN","PC_EMP","A","2011",5.287173,
"DNK","SELFEMPWEMP","MEN","PC_EMP","A","2012",5.221207,
"DNK","SELFEMPWEMP","MEN","PC_EMP","A","2013",4.804805,
"DNK","SELFEMPWEMP","MEN","PC_EMP","A","2014",4.898137,
"DNK","SELFEMPWEMP","MEN","PC_EMP","A","2015",4.872159,
"DNK","SELFEMPWEMP","MEN","PC_EMP","A","2016",4.637601,"B"
"DNK","SELFEMPWEMP","WOMEN","PC_EMP","A","1995",1.78911,
"DNK","SELFEMPWEMP","WOMEN","PC_EMP","A","1996",1.502347,
"DNK","SELFEMPWEMP","WOMEN","PC_EMP","A","1997",1.62413,
"DNK","SELFEMPWEMP","WOMEN","PC_EMP","A","1998",1.790532,
"DNK","SELFEMPWEMP","WOMEN","PC_EMP","A","1999",1.683176,
"DNK","SELFEMPWEMP","WOMEN","PC_EMP","A","2000",1.48625,
"DNK","SELFEMPWEMP","WOMEN","PC_EMP","A","2001",1.22108,
"DNK","SELFEMPWEMP","WOMEN","PC_EMP","A","2002",1.731465,
"DNK","SELFEMPWEMP","WOMEN","PC_EMP","A","2003",1.997897,
"DNK","SELFEMPWEMP","WOMEN","PC_EMP","A","2004",1.311216,
"DNK","SELFEMPWEMP","WOMEN","PC_EMP","A","2005",1.283464,"B"
"DNK","SELFEMPWEMP","WOMEN","PC_EMP","A","2006",1.772913,
"DNK","SELFEMPWEMP","WOMEN","PC_EMP","A","2007",1.632402,
"DNK","SELFEMPWEMP","WOMEN","PC_EMP","A","2008",1.655704,
"DNK","SELFEMPWEMP","WOMEN","PC_EMP","A","2009",1.711435,
"DNK","SELFEMPWEMP","WOMEN","PC_EMP","A","2010",1.598871,
"DNK","SELFEMPWEMP","WOMEN","PC_EMP","A","2011",1.655708,
"DNK","SELFEMPWEMP","WOMEN","PC_EMP","A","2012",1.491466,
"DNK","SELFEMPWEMP","WOMEN","PC_EMP","A","2013",1.559392,
"DNK","SELFEMPWEMP","WOMEN","PC_EMP","A","2014",1.600573,
"DNK","SELFEMPWEMP","WOMEN","PC_EMP","A","2015",1.684774,
"DNK","SELFEMPWEMP","WOMEN","PC_EMP","A","2016",1.767001,"B"
"FIN","SELFEMPWEMP","MEN","PC_EMP","A","1995",4.869497,
"FIN","SELFEMPWEMP","MEN","PC_EMP","A","1996",5.706241,
"FIN","SELFEMPWEMP","MEN","PC_EMP","A","1997",6.719331,
"FIN","SELFEMPWEMP","MEN","PC_EMP","A","1998",5.136564,
"FIN","SELFEMPWEMP","MEN","PC_EMP","A","1999",5.74068,
"FIN","SELFEMPWEMP","MEN","PC_EMP","A","2000",6.080533,"B"
"FIN","SELFEMPWEMP","MEN","PC_EMP","A","2001",5.518018,
"FIN","SELFEMPWEMP","MEN","PC_EMP","A","2002",5.678592,
"FIN","SELFEMPWEMP","MEN","PC_EMP","A","2003",5.564167,
"FIN","SELFEMPWEMP","MEN","PC_EMP","A","2004",5.853539,
"FIN","SELFEMPWEMP","MEN","PC_EMP","A","2005",5.440626,"B"
"FIN","SELFEMPWEMP","MEN","PC_EMP","A","2006",5.675632,
"FIN","SELFEMPWEMP","MEN","PC_EMP","A","2007",5.601578,
"FIN","SELFEMPWEMP","MEN","PC_EMP","A","2008",5.397243,"B"
"FIN","SELFEMPWEMP","MEN","PC_EMP","A","2009",6.058885,
"FIN","SELFEMPWEMP","MEN","PC_EMP","A","2010",6.036299,
"FIN","SELFEMPWEMP","MEN","PC_EMP","A","2011",5.724122,
"FIN","SELFEMPWEMP","MEN","PC_EMP","A","2012",5.85115,
"FIN","SELFEMPWEMP","MEN","PC_EMP","A","2013",5.945593,
"FIN","SELFEMPWEMP","MEN","PC_EMP","A","2014",6.189809,
"FIN","SELFEMPWEMP","MEN","PC_EMP","A","2015",5.977945,
"FIN","SELFEMPWEMP","MEN","PC_EMP","A","2016",5.770486,
"FIN","SELFEMPWEMP","WOMEN","PC_EMP","A","1995",2.264034,
"FIN","SELFEMPWEMP","WOMEN","PC_EMP","A","1996",1.632486,
"FIN","SELFEMPWEMP","WOMEN","PC_EMP","A","1997",2.076263,
"FIN","SELFEMPWEMP","WOMEN","PC_EMP","A","1998",1.993776,
"FIN","SELFEMPWEMP","WOMEN","PC_EMP","A","1999",2.261011,
"FIN","SELFEMPWEMP","WOMEN","PC_EMP","A","2000",2.191217,"B"
"FIN","SELFEMPWEMP","WOMEN","PC_EMP","A","2001",2.178668,
"FIN","SELFEMPWEMP","WOMEN","PC_EMP","A","2002",2.083694,
"FIN","SELFEMPWEMP","WOMEN","PC_EMP","A","2003",2.406926,
"FIN","SELFEMPWEMP","WOMEN","PC_EMP","A","2004",2.232143,
"FIN","SELFEMPWEMP","WOMEN","PC_EMP","A","2005",1.913376,"B"
"FIN","SELFEMPWEMP","WOMEN","PC_EMP","A","2006",2.116719,
"FIN","SELFEMPWEMP","WOMEN","PC_EMP","A","2007",2.132483,
"FIN","SELFEMPWEMP","WOMEN","PC_EMP","A","2008",1.91574,"B"
"FIN","SELFEMPWEMP","WOMEN","PC_EMP","A","2009",1.915162,
"FIN","SELFEMPWEMP","WOMEN","PC_EMP","A","2010",2.066327,
"FIN","SELFEMPWEMP","WOMEN","PC_EMP","A","2011",2.136861,
"FIN","SELFEMPWEMP","WOMEN","PC_EMP","A","2012",1.853724,
"FIN","SELFEMPWEMP","WOMEN","PC_EMP","A","2013",1.735432,
"FIN","SELFEMPWEMP","WOMEN","PC_EMP","A","2014",1.912895,
"FIN","SELFEMPWEMP","WOMEN","PC_EMP","A","2015",2.048545,
"FIN","SELFEMPWEMP","WOMEN","PC_EMP","A","2016",1.905752,
"FRA","SELFEMPWEMP","MEN","PC_EMP","A","1995",6.564964,
"FRA","SELFEMPWEMP","MEN","PC_EMP","A","1996",6.544591,
"FRA","SELFEMPWEMP","MEN","PC_EMP","A","1997",6.54854,
"FRA","SELFEMPWEMP","MEN","PC_EMP","A","1998",6.620543,
"FRA","SELFEMPWEMP","MEN","PC_EMP","A","1999",6.441189,
"FRA","SELFEMPWEMP","MEN","PC_EMP","A","2000",6.127863,
"FRA","SELFEMPWEMP","MEN","PC_EMP","A","2001",5.940693,
"FRA","SELFEMPWEMP","MEN","PC_EMP","A","2002",5.778386,
"FRA","SELFEMPWEMP","MEN","PC_EMP","A","2003",6.184503,"B"
"FRA","SELFEMPWEMP","MEN","PC_EMP","A","2004",6.157893,
"FRA","SELFEMPWEMP","MEN","PC_EMP","A","2005",6.258604,"B"
"FRA","SELFEMPWEMP","MEN","PC_EMP","A","2006",6.511502,
"FRA","SELFEMPWEMP","MEN","PC_EMP","A","2007",6.248932,
"FRA","SELFEMPWEMP","MEN","PC_EMP","A","2008",6.394452,
"FRA","SELFEMPWEMP","MEN","PC_EMP","A","2009",6.489031,
"FRA","SELFEMPWEMP","MEN","PC_EMP","A","2010",6.526548,
"FRA","SELFEMPWEMP","MEN","PC_EMP","A","2011",6.349798,
"FRA","SELFEMPWEMP","MEN","PC_EMP","A","2012",6.155895,
"FRA","SELFEMPWEMP","MEN","PC_EMP","A","2013",6.143327,
"FRA","SELFEMPWEMP","MEN","PC_EMP","A","2014",6.151935,"B"
"FRA","SELFEMPWEMP","MEN","PC_EMP","A","2015",6.071195,
"FRA","SELFEMPWEMP","MEN","PC_EMP","A","2016",5.953531,
"FRA","SELFEMPWEMP","WOMEN","PC_EMP","A","1995",2.217402,
"FRA","SELFEMPWEMP","WOMEN","PC_EMP","A","1996",2.159821,
"FRA","SELFEMPWEMP","WOMEN","PC_EMP","A","1997",2.18042,
"FRA","SELFEMPWEMP","WOMEN","PC_EMP","A","1998",2.163115,
"FRA","SELFEMPWEMP","WOMEN","PC_EMP","A","1999",2.15951,
"FRA","SELFEMPWEMP","WOMEN","PC_EMP","A","2000",2.027249,
"FRA","SELFEMPWEMP","WOMEN","PC_EMP","A","2001",1.968407,
"FRA","SELFEMPWEMP","WOMEN","PC_EMP","A","2002",1.88919,
"FRA","SELFEMPWEMP","WOMEN","PC_EMP","A","2003",2.120809,"B"
"FRA","SELFEMPWEMP","WOMEN","PC_EMP","A","2004",2.187109,
"FRA","SELFEMPWEMP","WOMEN","PC_EMP","A","2005",2.046685,"B"
"FRA","SELFEMPWEMP","WOMEN","PC_EMP","A","2006",2.083084,
"FRA","SELFEMPWEMP","WOMEN","PC_EMP","A","2007",2.251595,
"FRA","SELFEMPWEMP","WOMEN","PC_EMP","A","2008",2.531053,
"FRA","SELFEMPWEMP","WOMEN","PC_EMP","A","2009",2.158368,
"FRA","SELFEMPWEMP","WOMEN","PC_EMP","A","2010",2.075877,
"FRA","SELFEMPWEMP","WOMEN","PC_EMP","A","2011",2.233855,
"FRA","SELFEMPWEMP","WOMEN","PC_EMP","A","2012",2.174786,
"FRA","SELFEMPWEMP","WOMEN","PC_EMP","A","2013",2.125315,
"FRA","SELFEMPWEMP","WOMEN","PC_EMP","A","2014",2.00403,"B"
"FRA","SELFEMPWEMP","WOMEN","PC_EMP","A","2015",2.164557,
"FRA","SELFEMPWEMP","WOMEN","PC_EMP","A","2016",2.244967,
"DEU","SELFEMPWEMP","MEN","PC_EMP","A","1995",6.727172,
"DEU","SELFEMPWEMP","MEN","PC_EMP","A","1996",6.659136,
"DEU","SELFEMPWEMP","MEN","PC_EMP","A","1997",6.730779,
"DEU","SELFEMPWEMP","MEN","PC_EMP","A","1998",6.709494,
"DEU","SELFEMPWEMP","MEN","PC_EMP","A","1999",6.860293,
"DEU","SELFEMPWEMP","MEN","PC_EMP","A","2000",6.691599,
"DEU","SELFEMPWEMP","MEN","PC_EMP","A","2001",6.662859,
"DEU","SELFEMPWEMP","MEN","PC_EMP","A","2002",6.626746,
"DEU","SELFEMPWEMP","MEN","PC_EMP","A","2003",6.784643,
"DEU","SELFEMPWEMP","MEN","PC_EMP","A","2004",6.973854,
"DEU","SELFEMPWEMP","MEN","PC_EMP","A","2005",6.527806,"B"
"DEU","SELFEMPWEMP","MEN","PC_EMP","A","2006",6.46837,
"DEU","SELFEMPWEMP","MEN","PC_EMP","A","2007",6.476956,
"DEU","SELFEMPWEMP","MEN","PC_EMP","A","2008",6.339428,
"DEU","SELFEMPWEMP","MEN","PC_EMP","A","2009",6.461511,
"DEU","SELFEMPWEMP","MEN","PC_EMP","A","2010",6.476315,"B"
"DEU","SELFEMPWEMP","MEN","PC_EMP","A","2011",6.428519,"B"
"DEU","SELFEMPWEMP","MEN","PC_EMP","A","2012",6.399181,
"DEU","SELFEMPWEMP","MEN","PC_EMP","A","2013",6.300555,
"DEU","SELFEMPWEMP","MEN","PC_EMP","A","2014",6.132536,
"DEU","SELFEMPWEMP","MEN","PC_EMP","A","2015",6.097626,
"DEU","SELFEMPWEMP","MEN","PC_EMP","A","2016",5.810885,
"DEU","SELFEMPWEMP","WOMEN","PC_EMP","A","1995",2.500534,
"DEU","SELFEMPWEMP","WOMEN","PC_EMP","A","1996",2.453943,
"DEU","SELFEMPWEMP","WOMEN","PC_EMP","A","1997",2.504216,
"DEU","SELFEMPWEMP","WOMEN","PC_EMP","A","1998",2.552203,
"DEU","SELFEMPWEMP","WOMEN","PC_EMP","A","1999",2.508627,
"DEU","SELFEMPWEMP","WOMEN","PC_EMP","A","2000",2.523324,
"DEU","SELFEMPWEMP","WOMEN","PC_EMP","A","2001",2.582858,
"DEU","SELFEMPWEMP","WOMEN","PC_EMP","A","2002",2.528586,
"DEU","SELFEMPWEMP","WOMEN","PC_EMP","A","2003",2.472239,
"DEU","SELFEMPWEMP","WOMEN","PC_EMP","A","2004",2.604467,
"DEU","SELFEMPWEMP","WOMEN","PC_EMP","A","2005",2.55295,"B"
"DEU","SELFEMPWEMP","WOMEN","PC_EMP","A","2006",2.523358,
"DEU","SELFEMPWEMP","WOMEN","PC_EMP","A","2007",2.43848,
"DEU","SELFEMPWEMP","WOMEN","PC_EMP","A","2008",2.414438,
"DEU","SELFEMPWEMP","WOMEN","PC_EMP","A","2009",2.465675,
"DEU","SELFEMPWEMP","WOMEN","PC_EMP","A","2010",2.494514,"B"
"DEU","SELFEMPWEMP","WOMEN","PC_EMP","A","2011",2.419824,"B"
"DEU","SELFEMPWEMP","WOMEN","PC_EMP","A","2012",2.390418,
"DEU","SELFEMPWEMP","WOMEN","PC_EMP","A","2013",2.386451,
"DEU","SELFEMPWEMP","WOMEN","PC_EMP","A","2014",2.394838,
"DEU","SELFEMPWEMP","WOMEN","PC_EMP","A","2015",2.388432,
"DEU","SELFEMPWEMP","WOMEN","PC_EMP","A","2016",2.306583,
"GRC","SELFEMPWEMP","MEN","PC_EMP","A","1995",8.671673,
"GRC","SELFEMPWEMP","MEN","PC_EMP","A","1996",9.226103,
"GRC","SELFEMPWEMP","MEN","PC_EMP","A","1997",9.639735,
"GRC","SELFEMPWEMP","MEN","PC_EMP","A","1998",9.722389,"B"
"GRC","SELFEMPWEMP","MEN","PC_EMP","A","1999",10.04867,
"GRC","SELFEMPWEMP","MEN","PC_EMP","A","2000",10.35362,
"GRC","SELFEMPWEMP","MEN","PC_EMP","A","2001",10.68238,"B"
"GRC","SELFEMPWEMP","MEN","PC_EMP","A","2002",9.905155,
"GRC","SELFEMPWEMP","MEN","PC_EMP","A","2003",9.473207,
"GRC","SELFEMPWEMP","MEN","PC_EMP","A","2004",10.40892,"B"
"GRC","SELFEMPWEMP","MEN","PC_EMP","A","2005",10.13288,"B"
"GRC","SELFEMPWEMP","MEN","PC_EMP","A","2006",10.34854,
"GRC","SELFEMPWEMP","MEN","PC_EMP","A","2007",10.38995,
"GRC","SELFEMPWEMP","MEN","PC_EMP","A","2008",10.86741,
"GRC","SELFEMPWEMP","MEN","PC_EMP","A","2009",10.88934,"B"
"GRC","SELFEMPWEMP","MEN","PC_EMP","A","2010",10.29273,
"GRC","SELFEMPWEMP","MEN","PC_EMP","A","2011",9.843008,
"GRC","SELFEMPWEMP","MEN","PC_EMP","A","2012",8.89976,
"GRC","SELFEMPWEMP","MEN","PC_EMP","A","2013",8.267153,
"GRC","SELFEMPWEMP","MEN","PC_EMP","A","2014",7.958941,
"GRC","SELFEMPWEMP","MEN","PC_EMP","A","2015",8.559988,
"GRC","SELFEMPWEMP","MEN","PC_EMP","A","2016",8.982694,
"GRC","SELFEMPWEMP","WOMEN","PC_EMP","A","1995",2.283447,
"GRC","SELFEMPWEMP","WOMEN","PC_EMP","A","1996",2.81089,
"GRC","SELFEMPWEMP","WOMEN","PC_EMP","A","1997",2.733072,
"GRC","SELFEMPWEMP","WOMEN","PC_EMP","A","1998",2.918587,"B"
"GRC","SELFEMPWEMP","WOMEN","PC_EMP","A","1999",3.201481,
"GRC","SELFEMPWEMP","WOMEN","PC_EMP","A","2000",3.818328,
"GRC","SELFEMPWEMP","WOMEN","PC_EMP","A","2001",3.766454,"B"
"GRC","SELFEMPWEMP","WOMEN","PC_EMP","A","2002",3.294267,
"GRC","SELFEMPWEMP","WOMEN","PC_EMP","A","2003",3.296703,
"GRC","SELFEMPWEMP","WOMEN","PC_EMP","A","2004",3.62458,"B"
"GRC","SELFEMPWEMP","WOMEN","PC_EMP","A","2005",3.889415,"B"
"GRC","SELFEMPWEMP","WOMEN","PC_EMP","A","2006",4.084208,
"GRC","SELFEMPWEMP","WOMEN","PC_EMP","A","2007",4.08962,
"GRC","SELFEMPWEMP","WOMEN","PC_EMP","A","2008",4.214325,
"GRC","SELFEMPWEMP","WOMEN","PC_EMP","A","2009",4.124281,"B"
"GRC","SELFEMPWEMP","WOMEN","PC_EMP","A","2010",3.961013,
"GRC","SELFEMPWEMP","WOMEN","PC_EMP","A","2011",4.130872,
"GRC","SELFEMPWEMP","WOMEN","PC_EMP","A","2012",4.085822,
"GRC","SELFEMPWEMP","WOMEN","PC_EMP","A","2013",4.190529,
"GRC","SELFEMPWEMP","WOMEN","PC_EMP","A","2014",3.889534,
"GRC","SELFEMPWEMP","WOMEN","PC_EMP","A","2015",4.326378,
"GRC","SELFEMPWEMP","WOMEN","PC_EMP","A","2016",4.879816,
"HUN","SELFEMPWEMP","MEN","PC_EMP","A","1996",2.903111,
"HUN","SELFEMPWEMP","MEN","PC_EMP","A","1997",3.442549,
"HUN","SELFEMPWEMP","MEN","PC_EMP","A","1998",3.474033,
"HUN","SELFEMPWEMP","MEN","PC_EMP","A","1999",3.845224,
"HUN","SELFEMPWEMP","MEN","PC_EMP","A","2000",6.745631,
"HUN","SELFEMPWEMP","MEN","PC_EMP","A","2001",7.398942,"B"
"HUN","SELFEMPWEMP","MEN","PC_EMP","A","2002",6.872558,
"HUN","SELFEMPWEMP","MEN","PC_EMP","A","2003",6.894758,
"HUN","SELFEMPWEMP","MEN","PC_EMP","A","2004",7.62462,
"HUN","SELFEMPWEMP","MEN","PC_EMP","A","2005",7.800305,"B"
"HUN","SELFEMPWEMP","MEN","PC_EMP","A","2006",7.234364,
"HUN","SELFEMPWEMP","MEN","PC_EMP","A","2007",6.899001,
"HUN","SELFEMPWEMP","MEN","PC_EMP","A","2008",6.835589,
"HUN","SELFEMPWEMP","MEN","PC_EMP","A","2009",7.077,
"HUN","SELFEMPWEMP","MEN","PC_EMP","A","2010",7.144304,
"HUN","SELFEMPWEMP","MEN","PC_EMP","A","2011",7.0022,
"HUN","SELFEMPWEMP","MEN","PC_EMP","A","2012",6.97984,
"HUN","SELFEMPWEMP","MEN","PC_EMP","A","2013",6.82178,
"HUN","SELFEMPWEMP","MEN","PC_EMP","A","2014",6.764426,
"HUN","SELFEMPWEMP","MEN","PC_EMP","A","2015",6.620147,
"HUN","SELFEMPWEMP","MEN","PC_EMP","A","2016",6.225132,
"HUN","SELFEMPWEMP","WOMEN","PC_EMP","A","1996",1.141164,
"HUN","SELFEMPWEMP","WOMEN","PC_EMP","A","1997",1.513129,
"HUN","SELFEMPWEMP","WOMEN","PC_EMP","A","1998",1.744258,
"HUN","SELFEMPWEMP","WOMEN","PC_EMP","A","1999",1.929317,
"HUN","SELFEMPWEMP","WOMEN","PC_EMP","A","2000",2.968438,
"HUN","SELFEMPWEMP","WOMEN","PC_EMP","A","2001",3.136489,"B"
"HUN","SELFEMPWEMP","WOMEN","PC_EMP","A","2002",3.23632,
"HUN","SELFEMPWEMP","WOMEN","PC_EMP","A","2003",2.994448,
"HUN","SELFEMPWEMP","WOMEN","PC_EMP","A","2004",3.696366,
"HUN","SELFEMPWEMP","WOMEN","PC_EMP","A","2005",3.555756,"B"
"HUN","SELFEMPWEMP","WOMEN","PC_EMP","A","2006",3.273809,
"HUN","SELFEMPWEMP","WOMEN","PC_EMP","A","2007",3.135295,
"HUN","SELFEMPWEMP","WOMEN","PC_EMP","A","2008",2.967512,
"HUN","SELFEMPWEMP","WOMEN","PC_EMP","A","2009",3.156418,
"HUN","SELFEMPWEMP","WOMEN","PC_EMP","A","2010",3.359787,
"HUN","SELFEMPWEMP","WOMEN","PC_EMP","A","2011",3.110131,
"HUN","SELFEMPWEMP","WOMEN","PC_EMP","A","2012",3.021371,
"HUN","SELFEMPWEMP","WOMEN","PC_EMP","A","2013",3.069558,
"HUN","SELFEMPWEMP","WOMEN","PC_EMP","A","2014",2.961654,
"HUN","SELFEMPWEMP","WOMEN","PC_EMP","A","2015",2.997646,
"HUN","SELFEMPWEMP","WOMEN","PC_EMP","A","2016",3.067951,
"ISL","SELFEMPWEMP","MEN","PC_EMP","A","1995",9.585121,
"ISL","SELFEMPWEMP","MEN","PC_EMP","A","1996",11.86441,
"ISL","SELFEMPWEMP","MEN","PC_EMP","A","1997",8.19209,
"ISL","SELFEMPWEMP","MEN","PC_EMP","A","1998",8.707483,
"ISL","SELFEMPWEMP","MEN","PC_EMP","A","1999",9.04325,
"ISL","SELFEMPWEMP","MEN","PC_EMP","A","2000",9.620254,
"ISL","SELFEMPWEMP","MEN","PC_EMP","A","2001",9.29368,
"ISL","SELFEMPWEMP","MEN","PC_EMP","A","2002",9.252218,
"ISL","SELFEMPWEMP","MEN","PC_EMP","A","2003",5.904522,"B"
"ISL","SELFEMPWEMP","MEN","PC_EMP","A","2004",6.439394,
"ISL","SELFEMPWEMP","MEN","PC_EMP","A","2005",7.521578,"B"
"ISL","SELFEMPWEMP","MEN","PC_EMP","A","2006",7.560137,
"ISL","SELFEMPWEMP","MEN","PC_EMP","A","2007",6.601731,
"ISL","SELFEMPWEMP","MEN","PC_EMP","A","2008",6.364617,
"ISL","SELFEMPWEMP","MEN","PC_EMP","A","2009",6.45933,
"ISL","SELFEMPWEMP","MEN","PC_EMP","A","2010",5.474453,
"ISL","SELFEMPWEMP","MEN","PC_EMP","A","2011",5.474453,
"ISL","SELFEMPWEMP","MEN","PC_EMP","A","2012",5.649038,
"ISL","SELFEMPWEMP","MEN","PC_EMP","A","2013",5.704307,
"ISL","SELFEMPWEMP","MEN","PC_EMP","A","2014",5.612829,
"ISL","SELFEMPWEMP","MEN","PC_EMP","A","2015",5.327415,
"ISL","SELFEMPWEMP","MEN","PC_EMP","A","2016",5.402542,
"ISL","SELFEMPWEMP","WOMEN","PC_EMP","A","1995",3.668262,
"ISL","SELFEMPWEMP","WOMEN","PC_EMP","A","1996",4.173355,
"ISL","SELFEMPWEMP","WOMEN","PC_EMP","A","1997",3.902439,
"ISL","SELFEMPWEMP","WOMEN","PC_EMP","A","1998",3.432137,
"ISL","SELFEMPWEMP","WOMEN","PC_EMP","A","1999",3.566122,
"ISL","SELFEMPWEMP","WOMEN","PC_EMP","A","2000",4.213483,
"ISL","SELFEMPWEMP","WOMEN","PC_EMP","A","2001",2.953586,
"ISL","SELFEMPWEMP","WOMEN","PC_EMP","A","2002",2.38764,
"ISL","SELFEMPWEMP","WOMEN","PC_EMP","A","2003",2.234637,"B"
"ISL","SELFEMPWEMP","WOMEN","PC_EMP","A","2004",2.657343,
"ISL","SELFEMPWEMP","WOMEN","PC_EMP","A","2005",2.60989,"B"
"ISL","SELFEMPWEMP","WOMEN","PC_EMP","A","2006",2.27577,
"ISL","SELFEMPWEMP","WOMEN","PC_EMP","A","2007",2.723735,
"ISL","SELFEMPWEMP","WOMEN","PC_EMP","A","2008",2.439024,
"ISL","SELFEMPWEMP","WOMEN","PC_EMP","A","2009",1.578947,
"ISL","SELFEMPWEMP","WOMEN","PC_EMP","A","2010",2.352941,
"ISL","SELFEMPWEMP","WOMEN","PC_EMP","A","2011",2.337662,
"ISL","SELFEMPWEMP","WOMEN","PC_EMP","A","2012",2.061856,
"ISL","SELFEMPWEMP","WOMEN","PC_EMP","A","2013",2.138365,
"ISL","SELFEMPWEMP","WOMEN","PC_EMP","A","2014",1.470588,
"ISL","SELFEMPWEMP","WOMEN","PC_EMP","A","2015",1.551313,
"ISL","SELFEMPWEMP","WOMEN","PC_EMP","A","2016",2.110199,
"IRL","SELFEMPWEMP","MEN","PC_EMP","A","1995",7.501314,
"IRL","SELFEMPWEMP","MEN","PC_EMP","A","1996",6.560738,
"IRL","SELFEMPWEMP","MEN","PC_EMP","A","1997",7.106786,
"IRL","SELFEMPWEMP","MEN","PC_EMP","A","1998",8.068208,"B"
"IRL","SELFEMPWEMP","MEN","PC_EMP","A","1999",7.863582,
"IRL","SELFEMPWEMP","MEN","PC_EMP","A","2000",8.007044,
"IRL","SELFEMPWEMP","MEN","PC_EMP","A","2001",8.143519,
"IRL","SELFEMPWEMP","MEN","PC_EMP","A","2002",8.175723,
"IRL","SELFEMPWEMP","MEN","PC_EMP","A","2003",8.039854,
"IRL","SELFEMPWEMP","MEN","PC_EMP","A","2004",7.896764,
"IRL","SELFEMPWEMP","MEN","PC_EMP","A","2005",7.933899,"B"
"IRL","SELFEMPWEMP","MEN","PC_EMP","A","2006",7.664868,
"IRL","SELFEMPWEMP","MEN","PC_EMP","A","2007",8.040073,"B"
"IRL","SELFEMPWEMP","MEN","PC_EMP","A","2008",8.116042,
"IRL","SELFEMPWEMP","MEN","PC_EMP","A","2009",7.898312,"B"
"IRL","SELFEMPWEMP","MEN","PC_EMP","A","2010",7.254682,
"IRL","SELFEMPWEMP","MEN","PC_EMP","A","2011",6.74545,
"IRL","SELFEMPWEMP","MEN","PC_EMP","A","2012",6.531389,
"IRL","SELFEMPWEMP","MEN","PC_EMP","A","2013",6.157938,
"IRL","SELFEMPWEMP","MEN","PC_EMP","A","2014",6.359077,
"IRL","SELFEMPWEMP","MEN","PC_EMP","A","2015",6.387773,
"IRL","SELFEMPWEMP","MEN","PC_EMP","A","2016",6.248808,
"IRL","SELFEMPWEMP","WOMEN","PC_EMP","A","1995",2.24311,
"IRL","SELFEMPWEMP","WOMEN","PC_EMP","A","1996",2.262169,
"IRL","SELFEMPWEMP","WOMEN","PC_EMP","A","1997",2.439947,
"IRL","SELFEMPWEMP","WOMEN","PC_EMP","A","1998",2.831798,"B"
"IRL","SELFEMPWEMP","WOMEN","PC_EMP","A","1999",2.663515,
"IRL","SELFEMPWEMP","WOMEN","PC_EMP","A","2000",2.634713,
"IRL","SELFEMPWEMP","WOMEN","PC_EMP","A","2001",2.659192,
"IRL","SELFEMPWEMP","WOMEN","PC_EMP","A","2002",2.346323,
"IRL","SELFEMPWEMP","WOMEN","PC_EMP","A","2003",2.310896,
"IRL","SELFEMPWEMP","WOMEN","PC_EMP","A","2004",2.59366,
"IRL","SELFEMPWEMP","WOMEN","PC_EMP","A","2005",2.256373,"B"
"IRL","SELFEMPWEMP","WOMEN","PC_EMP","A","2006",2.151543,
"IRL","SELFEMPWEMP","WOMEN","PC_EMP","A","2007",2.349325,"B"
"IRL","SELFEMPWEMP","WOMEN","PC_EMP","A","2008",2.264601,
"IRL","SELFEMPWEMP","WOMEN","PC_EMP","A","2009",2.369401,"B"
"IRL","SELFEMPWEMP","WOMEN","PC_EMP","A","2010",2.255027,
"IRL","SELFEMPWEMP","WOMEN","PC_EMP","A","2011",2.218551,
"IRL","SELFEMPWEMP","WOMEN","PC_EMP","A","2012",2.239867,
"IRL","SELFEMPWEMP","WOMEN","PC_EMP","A","2013",2.398589,
"IRL","SELFEMPWEMP","WOMEN","PC_EMP","A","2014",2.152915,
"IRL","SELFEMPWEMP","WOMEN","PC_EMP","A","2015",2.207807,
"IRL","SELFEMPWEMP","WOMEN","PC_EMP","A","2016",2.264443,
"ITA","SELFEMPWEMP","MEN","PC_EMP","A","1995",14.85203,
"ITA","SELFEMPWEMP","MEN","PC_EMP","A","1996",14.93078,
"ITA","SELFEMPWEMP","MEN","PC_EMP","A","1997",14.9101,
"ITA","SELFEMPWEMP","MEN","PC_EMP","A","1998",14.72294,
"ITA","SELFEMPWEMP","MEN","PC_EMP","A","1999",14.7891,
"ITA","SELFEMPWEMP","MEN","PC_EMP","A","2000",14.99911,
"ITA","SELFEMPWEMP","MEN","PC_EMP","A","2001",14.59058,
"ITA","SELFEMPWEMP","MEN","PC_EMP","A","2002",14.55745,
"ITA","SELFEMPWEMP","MEN","PC_EMP","A","2003",14.79052,
"ITA","SELFEMPWEMP","MEN","PC_EMP","A","2004",8.898565,"B"
"ITA","SELFEMPWEMP","MEN","PC_EMP","A","2005",8.958271,"B"
"ITA","SELFEMPWEMP","MEN","PC_EMP","A","2006",8.810203,
"ITA","SELFEMPWEMP","MEN","PC_EMP","A","2007",8.730781,
"ITA","SELFEMPWEMP","MEN","PC_EMP","A","2008",8.607267,
"ITA","SELFEMPWEMP","MEN","PC_EMP","A","2009",8.455955,
"ITA","SELFEMPWEMP","MEN","PC_EMP","A","2010",8.42903,
"ITA","SELFEMPWEMP","MEN","PC_EMP","A","2011",8.355876,
"ITA","SELFEMPWEMP","MEN","PC_EMP","A","2012",8.176931,
"ITA","SELFEMPWEMP","MEN","PC_EMP","A","2013",8.464717,
"ITA","SELFEMPWEMP","MEN","PC_EMP","A","2014",8.119143,
"ITA","SELFEMPWEMP","MEN","PC_EMP","A","2015",7.844911,
"ITA","SELFEMPWEMP","MEN","PC_EMP","A","2016",7.720497,
"ITA","SELFEMPWEMP","WOMEN","PC_EMP","A","1995",8.050567,
"ITA","SELFEMPWEMP","WOMEN","PC_EMP","A","1996",8.202476,
"ITA","SELFEMPWEMP","WOMEN","PC_EMP","A","1997",8.018735,
"ITA","SELFEMPWEMP","WOMEN","PC_EMP","A","1998",7.527239,
"ITA","SELFEMPWEMP","WOMEN","PC_EMP","A","1999",8.116835,
"ITA","SELFEMPWEMP","WOMEN","PC_EMP","A","2000",8.264507,
"ITA","SELFEMPWEMP","WOMEN","PC_EMP","A","2001",7.47238,
"ITA","SELFEMPWEMP","WOMEN","PC_EMP","A","2002",7.390988,
"ITA","SELFEMPWEMP","WOMEN","PC_EMP","A","2003",7.449832,
"ITA","SELFEMPWEMP","WOMEN","PC_EMP","A","2004",4.0948,"B"
"ITA","SELFEMPWEMP","WOMEN","PC_EMP","A","2005",3.758942,"B"
"ITA","SELFEMPWEMP","WOMEN","PC_EMP","A","2006",3.83732,
"ITA","SELFEMPWEMP","WOMEN","PC_EMP","A","2007",3.77698,
"ITA","SELFEMPWEMP","WOMEN","PC_EMP","A","2008",3.726485,
"ITA","SELFEMPWEMP","WOMEN","PC_EMP","A","2009",3.547178,
"ITA","SELFEMPWEMP","WOMEN","PC_EMP","A","2010",3.473272,
"ITA","SELFEMPWEMP","WOMEN","PC_EMP","A","2011",3.526305,
"ITA","SELFEMPWEMP","WOMEN","PC_EMP","A","2012",3.680307,
"ITA","SELFEMPWEMP","WOMEN","PC_EMP","A","2013",3.925246,
"ITA","SELFEMPWEMP","WOMEN","PC_EMP","A","2014",3.571739,
"ITA","SELFEMPWEMP","WOMEN","PC_EMP","A","2015",3.889874,
"ITA","SELFEMPWEMP","WOMEN","PC_EMP","A","2016",3.856887,
"JPN","SELFEMPWEMP","MEN","PC_EMP","A","2013",2.597,
"JPN","SELFEMPWEMP","MEN","PC_EMP","A","2014",2.450051,
"JPN","SELFEMPWEMP","MEN","PC_EMP","A","2015",2.350198,
"JPN","SELFEMPWEMP","MEN","PC_EMP","A","2016",2.27511,
"JPN","SELFEMPWEMP","MEN","PC_EMP","A","2017",2.201249,
"JPN","SELFEMPWEMP","WOMEN","PC_EMP","A","2013",0.6723716,
"JPN","SELFEMPWEMP","WOMEN","PC_EMP","A","2014",0.6497902,
"JPN","SELFEMPWEMP","WOMEN","PC_EMP","A","2015",0.6015546,
"JPN","SELFEMPWEMP","WOMEN","PC_EMP","A","2016",0.5815119,
"JPN","SELFEMPWEMP","WOMEN","PC_EMP","A","2017",0.5274489,
"KOR","SELFEMPWEMP","MEN","PC_EMP","A","1980",6.487828,
"KOR","SELFEMPWEMP","MEN","PC_EMP","A","1981",6.452356,
"KOR","SELFEMPWEMP","MEN","PC_EMP","A","1982",6.703209,
"KOR","SELFEMPWEMP","MEN","PC_EMP","A","1983",7.415807,
"KOR","SELFEMPWEMP","MEN","PC_EMP","A","1984",7.510681,
"KOR","SELFEMPWEMP","MEN","PC_EMP","A","1985",7.803437,
"KOR","SELFEMPWEMP","MEN","PC_EMP","A","1986",8.052254,
"KOR","SELFEMPWEMP","MEN","PC_EMP","A","1987",8.274304,
"KOR","SELFEMPWEMP","MEN","PC_EMP","A","1988",8.436479,
"KOR","SELFEMPWEMP","MEN","PC_EMP","A","1989",8.646363,
"KOR","SELFEMPWEMP","MEN","PC_EMP","A","1990",9.048464,
"KOR","SELFEMPWEMP","MEN","PC_EMP","A","1991",9.730216,
"KOR","SELFEMPWEMP","MEN","PC_EMP","A","1992",10.09675,
"KOR","SELFEMPWEMP","MEN","PC_EMP","A","1993",9.878155,
"KOR","SELFEMPWEMP","MEN","PC_EMP","A","1994",10.2291,
"KOR","SELFEMPWEMP","MEN","PC_EMP","A","1995",10.24121,
"KOR","SELFEMPWEMP","MEN","PC_EMP","A","1996",10.56595,
"KOR","SELFEMPWEMP","MEN","PC_EMP","A","1997",10.56637,
"KOR","SELFEMPWEMP","MEN","PC_EMP","A","1998",9.690217,
"KOR","SELFEMPWEMP","MEN","PC_EMP","A","1999",9.227037,
"KOR","SELFEMPWEMP","MEN","PC_EMP","A","2000",9.647211,
"KOR","SELFEMPWEMP","MEN","PC_EMP","A","2001",9.999206,
"KOR","SELFEMPWEMP","MEN","PC_EMP","A","2002",10.13597,
"KOR","SELFEMPWEMP","MEN","PC_EMP","A","2003",10.2755,
"KOR","SELFEMPWEMP","MEN","PC_EMP","A","2004",10.29334,
"KOR","SELFEMPWEMP","MEN","PC_EMP","A","2005",9.962491,
"KOR","SELFEMPWEMP","MEN","PC_EMP","A","2006",9.654864,
"KOR","SELFEMPWEMP","MEN","PC_EMP","A","2007",8.921879,
"KOR","SELFEMPWEMP","MEN","PC_EMP","A","2008",8.611253,
"KOR","SELFEMPWEMP","MEN","PC_EMP","A","2009",8.55541,
"KOR","SELFEMPWEMP","MEN","PC_EMP","A","2010",8.436938,
"KOR","SELFEMPWEMP","MEN","PC_EMP","A","2011",8.330389,
"KOR","SELFEMPWEMP","MEN","PC_EMP","A","2012",8.396469,
"KOR","SELFEMPWEMP","MEN","PC_EMP","A","2013",7.932478,
"KOR","SELFEMPWEMP","MEN","PC_EMP","A","2014",8.026147,
"KOR","SELFEMPWEMP","MEN","PC_EMP","A","2015",8.035536,
"KOR","SELFEMPWEMP","MEN","PC_EMP","A","2016",7.809813,
"KOR","SELFEMPWEMP","MEN","PC_EMP","A","2017",7.734698,
"KOR","SELFEMPWEMP","WOMEN","PC_EMP","A","1980",1.780927,
"KOR","SELFEMPWEMP","WOMEN","PC_EMP","A","1981",1.665108,
"KOR","SELFEMPWEMP","WOMEN","PC_EMP","A","1982",1.814301,
"KOR","SELFEMPWEMP","WOMEN","PC_EMP","A","1983",2.145621,
"KOR","SELFEMPWEMP","WOMEN","PC_EMP","A","1984",2.402891,
"KOR","SELFEMPWEMP","WOMEN","PC_EMP","A","1985",2.262986,
"KOR","SELFEMPWEMP","WOMEN","PC_EMP","A","1986",2.238443,
"KOR","SELFEMPWEMP","WOMEN","PC_EMP","A","1987",2.525329,
"KOR","SELFEMPWEMP","WOMEN","PC_EMP","A","1988",2.525476,
"KOR","SELFEMPWEMP","WOMEN","PC_EMP","A","1989",2.572707,
"KOR","SELFEMPWEMP","WOMEN","PC_EMP","A","1990",2.697939,
"KOR","SELFEMPWEMP","WOMEN","PC_EMP","A","1991",2.775933,
"KOR","SELFEMPWEMP","WOMEN","PC_EMP","A","1992",2.89267,
"KOR","SELFEMPWEMP","WOMEN","PC_EMP","A","1993",2.943835,
"KOR","SELFEMPWEMP","WOMEN","PC_EMP","A","1994",3.154613,
"KOR","SELFEMPWEMP","WOMEN","PC_EMP","A","1995",3.338575,
"KOR","SELFEMPWEMP","WOMEN","PC_EMP","A","1996",3.528582,
"KOR","SELFEMPWEMP","WOMEN","PC_EMP","A","1997",3.665101,
"KOR","SELFEMPWEMP","WOMEN","PC_EMP","A","1998",3.003708,
"KOR","SELFEMPWEMP","WOMEN","PC_EMP","A","1999",2.974691,
"KOR","SELFEMPWEMP","WOMEN","PC_EMP","A","2000",2.999202,
"KOR","SELFEMPWEMP","WOMEN","PC_EMP","A","2001",3.292181,
"KOR","SELFEMPWEMP","WOMEN","PC_EMP","A","2002",3.295393,
"KOR","SELFEMPWEMP","WOMEN","PC_EMP","A","2003",3.184014,
"KOR","SELFEMPWEMP","WOMEN","PC_EMP","A","2004",3.428022,
"KOR","SELFEMPWEMP","WOMEN","PC_EMP","A","2005",3.527189,
"KOR","SELFEMPWEMP","WOMEN","PC_EMP","A","2006",3.451473,
"KOR","SELFEMPWEMP","WOMEN","PC_EMP","A","2007",3.541624,
"KOR","SELFEMPWEMP","WOMEN","PC_EMP","A","2008",3.51428,
"KOR","SELFEMPWEMP","WOMEN","PC_EMP","A","2009",3.499795,
"KOR","SELFEMPWEMP","WOMEN","PC_EMP","A","2010",3.278193,
"KOR","SELFEMPWEMP","WOMEN","PC_EMP","A","2011",3.230602,
"KOR","SELFEMPWEMP","WOMEN","PC_EMP","A","2012",3.312609,
"KOR","SELFEMPWEMP","WOMEN","PC_EMP","A","2013",3.373356,
"KOR","SELFEMPWEMP","WOMEN","PC_EMP","A","2014",3.336121,
"KOR","SELFEMPWEMP","WOMEN","PC_EMP","A","2015",3.447332,
"KOR","SELFEMPWEMP","WOMEN","PC_EMP","A","2016",3.419111,
"KOR","SELFEMPWEMP","WOMEN","PC_EMP","A","2017",3.598903,
"LUX","SELFEMPWEMP","MEN","PC_EMP","A","1995",7.507218,
"LUX","SELFEMPWEMP","MEN","PC_EMP","A","1996",7.574305,
"LUX","SELFEMPWEMP","MEN","PC_EMP","A","1997",6.571429,
"LUX","SELFEMPWEMP","MEN","PC_EMP","A","1998",6.603774,
"LUX","SELFEMPWEMP","MEN","PC_EMP","A","1999",6.261682,
"LUX","SELFEMPWEMP","MEN","PC_EMP","A","2000",7.241063,
"LUX","SELFEMPWEMP","MEN","PC_EMP","A","2001",5.855856,
"LUX","SELFEMPWEMP","MEN","PC_EMP","A","2002",6.773619,
"LUX","SELFEMPWEMP","MEN","PC_EMP","A","2003",1.898734,"B"
"LUX","SELFEMPWEMP","MEN","PC_EMP","A","2004",3.519855,
"LUX","SELFEMPWEMP","MEN","PC_EMP","A","2005",3.650935,"B"
"LUX","SELFEMPWEMP","MEN","PC_EMP","A","2006",3.610108,
"LUX","SELFEMPWEMP","MEN","PC_EMP","A","2007",3.876652,"B"
"LUX","SELFEMPWEMP","MEN","PC_EMP","A","2008",3.20902,
"LUX","SELFEMPWEMP","MEN","PC_EMP","A","2009",3.59771,"B"
"LUX","SELFEMPWEMP","MEN","PC_EMP","A","2010",4.129555,
"LUX","SELFEMPWEMP","MEN","PC_EMP","A","2011",3.418124,
"LUX","SELFEMPWEMP","MEN","PC_EMP","A","2012",3.99079,
"LUX","SELFEMPWEMP","MEN","PC_EMP","A","2013",3.193916,
"LUX","SELFEMPWEMP","MEN","PC_EMP","A","2014",3.283582,
"LUX","SELFEMPWEMP","MEN","PC_EMP","A","2015",4.438082,"B"
"LUX","SELFEMPWEMP","MEN","PC_EMP","A","2016",4.929577,
"LUX","SELFEMPWEMP","WOMEN","PC_EMP","A","1995",3.85289,
"LUX","SELFEMPWEMP","WOMEN","PC_EMP","A","1996",3.672788,
"LUX","SELFEMPWEMP","WOMEN","PC_EMP","A","1997",3.338632,
"LUX","SELFEMPWEMP","WOMEN","PC_EMP","A","1998",2.511774,
"LUX","SELFEMPWEMP","WOMEN","PC_EMP","A","1999",3.941606,
"LUX","SELFEMPWEMP","WOMEN","PC_EMP","A","2000",3.813559,
"LUX","SELFEMPWEMP","WOMEN","PC_EMP","A","2001",2.300406,
"LUX","SELFEMPWEMP","WOMEN","PC_EMP","A","2002",2.526596,
"LUX","SELFEMPWEMP","WOMEN","PC_EMP","A","2003",0.925926,"N"
"LUX","SELFEMPWEMP","WOMEN","PC_EMP","A","2004",1.683938,
"LUX","SELFEMPWEMP","WOMEN","PC_EMP","A","2005",1.606922,"B"
"LUX","SELFEMPWEMP","WOMEN","PC_EMP","A","2006",1.425178,
"LUX","SELFEMPWEMP","WOMEN","PC_EMP","A","2007",1.795735,"B"
"LUX","SELFEMPWEMP","WOMEN","PC_EMP","A","2008",1.385681,
"LUX","SELFEMPWEMP","WOMEN","PC_EMP","A","2009",1.295896,"B"
"LUX","SELFEMPWEMP","WOMEN","PC_EMP","A","2010",1.68244,
"LUX","SELFEMPWEMP","WOMEN","PC_EMP","A","2011",1.447777,
"LUX","SELFEMPWEMP","WOMEN","PC_EMP","A","2012",1.837524,
"LUX","SELFEMPWEMP","WOMEN","PC_EMP","A","2013",1.818182,
"LUX","SELFEMPWEMP","WOMEN","PC_EMP","A","2014",1.194853,
"LUX","SELFEMPWEMP","WOMEN","PC_EMP","A","2015",2.253033,"B"
"LUX","SELFEMPWEMP","WOMEN","PC_EMP","A","2016",2.555366,
"MEX","SELFEMPWEMP","MEN","PC_EMP","A","2005",6.050775,
"MEX","SELFEMPWEMP","MEN","PC_EMP","A","2006",6.304226,
"MEX","SELFEMPWEMP","MEN","PC_EMP","A","2007",6.421715,
"MEX","SELFEMPWEMP","MEN","PC_EMP","A","2008",5.98431,
"MEX","SELFEMPWEMP","MEN","PC_EMP","A","2009",5.59677,
"MEX","SELFEMPWEMP","MEN","PC_EMP","A","2010",5.650362,
"MEX","SELFEMPWEMP","MEN","PC_EMP","A","2011",5.997588,
"MEX","SELFEMPWEMP","MEN","PC_EMP","A","2012",5.637991,
"MEX","SELFEMPWEMP","MEN","PC_EMP","A","2013",5.521344,
"MEX","SELFEMPWEMP","MEN","PC_EMP","A","2014",5.138725,
"MEX","SELFEMPWEMP","MEN","PC_EMP","A","2015",5.29158,
"MEX","SELFEMPWEMP","MEN","PC_EMP","A","2016",5.437067,
"MEX","SELFEMPWEMP","MEN","PC_EMP","A","2017",5.574657,
"MEX","SELFEMPWEMP","WOMEN","PC_EMP","A","2005",2.056816,
"MEX","SELFEMPWEMP","WOMEN","PC_EMP","A","2006",2.280717,
"MEX","SELFEMPWEMP","WOMEN","PC_EMP","A","2007",2.448096,
"MEX","SELFEMPWEMP","WOMEN","PC_EMP","A","2008",2.288477,
"MEX","SELFEMPWEMP","WOMEN","PC_EMP","A","2009",2.14449,
"MEX","SELFEMPWEMP","WOMEN","PC_EMP","A","2010",2.194243,
"MEX","SELFEMPWEMP","WOMEN","PC_EMP","A","2011",2.341475,
"MEX","SELFEMPWEMP","WOMEN","PC_EMP","A","2012",2.370494,
"MEX","SELFEMPWEMP","WOMEN","PC_EMP","A","2013",2.239416,
"MEX","SELFEMPWEMP","WOMEN","PC_EMP","A","2014",2.092026,
"MEX","SELFEMPWEMP","WOMEN","PC_EMP","A","2015",2.22219,
"MEX","SELFEMPWEMP","WOMEN","PC_EMP","A","2016",2.202836,
"MEX","SELFEMPWEMP","WOMEN","PC_EMP","A","2017",2.296839,
"NLD","SELFEMPWEMP","MEN","PC_EMP","A","1995",5.454363,
"NLD","SELFEMPWEMP","MEN","PC_EMP","A","1996",5.151575,
"NLD","SELFEMPWEMP","MEN","PC_EMP","A","1997",5.277931,
"NLD","SELFEMPWEMP","MEN","PC_EMP","A","1998",5.415272,
"NLD","SELFEMPWEMP","MEN","PC_EMP","A","1999",5.180331,
"NLD","SELFEMPWEMP","MEN","PC_EMP","A","2000",4.311525,
"NLD","SELFEMPWEMP","MEN","PC_EMP","A","2001",4.529262,
"NLD","SELFEMPWEMP","MEN","PC_EMP","A","2002",4.765773,
"NLD","SELFEMPWEMP","MEN","PC_EMP","A","2003",5.002892,
"NLD","SELFEMPWEMP","MEN","PC_EMP","A","2004",5.059618,
"NLD","SELFEMPWEMP","MEN","PC_EMP","A","2005",5.266619,"B"
"NLD","SELFEMPWEMP","MEN","PC_EMP","A","2006",5.336256,
"NLD","SELFEMPWEMP","MEN","PC_EMP","A","2007",5.504607,
"NLD","SELFEMPWEMP","MEN","PC_EMP","A","2008",5.366641,
"NLD","SELFEMPWEMP","MEN","PC_EMP","A","2009",5.270577,
"NLD","SELFEMPWEMP","MEN","PC_EMP","A","2010",5.52053,"B"
"NLD","SELFEMPWEMP","MEN","PC_EMP","A","2011",5.43523,"B"
"NLD","SELFEMPWEMP","MEN","PC_EMP","A","2012",5.340859,
"NLD","SELFEMPWEMP","MEN","PC_EMP","A","2013",5.448406,
"NLD","SELFEMPWEMP","MEN","PC_EMP","A","2014",5.54523,
"NLD","SELFEMPWEMP","MEN","PC_EMP","A","2015",5.276266,
"NLD","SELFEMPWEMP","MEN","PC_EMP","A","2016",5.539585,
"NLD","SELFEMPWEMP","WOMEN","PC_EMP","A","1995",1.794489,
"NLD","SELFEMPWEMP","WOMEN","PC_EMP","A","1996",1.879341,
"NLD","SELFEMPWEMP","WOMEN","PC_EMP","A","1997",1.957602,
"NLD","SELFEMPWEMP","WOMEN","PC_EMP","A","1998",1.909564,
"NLD","SELFEMPWEMP","WOMEN","PC_EMP","A","1999",2.169117,
"NLD","SELFEMPWEMP","WOMEN","PC_EMP","A","2000",1.686064,
"NLD","SELFEMPWEMP","WOMEN","PC_EMP","A","2001",1.757565,
"NLD","SELFEMPWEMP","WOMEN","PC_EMP","A","2002",1.866305,
"NLD","SELFEMPWEMP","WOMEN","PC_EMP","A","2003",1.706686,
"NLD","SELFEMPWEMP","WOMEN","PC_EMP","A","2004",2.008935,
"NLD","SELFEMPWEMP","WOMEN","PC_EMP","A","2005",1.898682,"B"
"NLD","SELFEMPWEMP","WOMEN","PC_EMP","A","2006",1.958867,
"NLD","SELFEMPWEMP","WOMEN","PC_EMP","A","2007",1.890469,
"NLD","SELFEMPWEMP","WOMEN","PC_EMP","A","2008",1.755155,
"NLD","SELFEMPWEMP","WOMEN","PC_EMP","A","2009",1.87287,
"NLD","SELFEMPWEMP","WOMEN","PC_EMP","A","2010",1.930766,"B"
"NLD","SELFEMPWEMP","WOMEN","PC_EMP","A","2011",2.021032,"B"
"NLD","SELFEMPWEMP","WOMEN","PC_EMP","A","2012",1.984837,
"NLD","SELFEMPWEMP","WOMEN","PC_EMP","A","2013",2.008202,
"NLD","SELFEMPWEMP","WOMEN","PC_EMP","A","2014",2.046242,
"NLD","SELFEMPWEMP","WOMEN","PC_EMP","A","2015",2.069276,
"NLD","SELFEMPWEMP","WOMEN","PC_EMP","A","2016",2.239292,
"NOR","SELFEMPWEMP","MEN","PC_EMP","A","1995",4.396938,
"NOR","SELFEMPWEMP","MEN","PC_EMP","A","1996",3.360663,
"NOR","SELFEMPWEMP","MEN","PC_EMP","A","1997",2.620279,
"NOR","SELFEMPWEMP","MEN","PC_EMP","A","1998",2.544833,
"NOR","SELFEMPWEMP","MEN","PC_EMP","A","1999",2.234305,
"NOR","SELFEMPWEMP","MEN","PC_EMP","A","2000",2.329885,
"NOR","SELFEMPWEMP","MEN","PC_EMP","A","2001",2.266026,
"NOR","SELFEMPWEMP","MEN","PC_EMP","A","2002",1.840182,
"NOR","SELFEMPWEMP","MEN","PC_EMP","A","2003",1.89776,
"NOR","SELFEMPWEMP","MEN","PC_EMP","A","2004",2.127478,
"NOR","SELFEMPWEMP","MEN","PC_EMP","A","2005",2.014559,"B"
"NOR","SELFEMPWEMP","MEN","PC_EMP","A","2006",2.748519,"B"
"NOR","SELFEMPWEMP","MEN","PC_EMP","A","2007",2.772673,
"NOR","SELFEMPWEMP","MEN","PC_EMP","A","2008",2.735798,
"NOR","SELFEMPWEMP","MEN","PC_EMP","A","2009",3.103882,
"NOR","SELFEMPWEMP","MEN","PC_EMP","A","2010",3.065074,
"NOR","SELFEMPWEMP","MEN","PC_EMP","A","2011",2.487562,
"NOR","SELFEMPWEMP","MEN","PC_EMP","A","2012",2.396348,
"NOR","SELFEMPWEMP","MEN","PC_EMP","A","2013",2.489972,
"NOR","SELFEMPWEMP","MEN","PC_EMP","A","2014",2.779033,
"NOR","SELFEMPWEMP","MEN","PC_EMP","A","2015",2.428422,
"NOR","SELFEMPWEMP","MEN","PC_EMP","A","2016",2.561205,
"NOR","SELFEMPWEMP","WOMEN","PC_EMP","A","1995",2.115837,
"NOR","SELFEMPWEMP","WOMEN","PC_EMP","A","1996",1.129768,
"NOR","SELFEMPWEMP","WOMEN","PC_EMP","A","1997",1.047648,
"NOR","SELFEMPWEMP","WOMEN","PC_EMP","A","1998",0.9509024,
"NOR","SELFEMPWEMP","WOMEN","PC_EMP","A","1999",1.008452,
"NOR","SELFEMPWEMP","WOMEN","PC_EMP","A","2000",0.9813262,
"NOR","SELFEMPWEMP","WOMEN","PC_EMP","A","2001",0.8916714,
"NOR","SELFEMPWEMP","WOMEN","PC_EMP","A","2002",0.814912,
"NOR","SELFEMPWEMP","WOMEN","PC_EMP","A","2003",0.8720379,
"NOR","SELFEMPWEMP","WOMEN","PC_EMP","A","2004",0.9220058,
"NOR","SELFEMPWEMP","WOMEN","PC_EMP","A","2005",0.89496,"B"
"NOR","SELFEMPWEMP","WOMEN","PC_EMP","A","2006",1.098298,"B"
"NOR","SELFEMPWEMP","WOMEN","PC_EMP","A","2007",1.201626,
"NOR","SELFEMPWEMP","WOMEN","PC_EMP","A","2008",1.190986,
"NOR","SELFEMPWEMP","WOMEN","PC_EMP","A","2009",1.176067,
"NOR","SELFEMPWEMP","WOMEN","PC_EMP","A","2010",1.095583,
"NOR","SELFEMPWEMP","WOMEN","PC_EMP","A","2011",0.9539222,
"NOR","SELFEMPWEMP","WOMEN","PC_EMP","A","2012",0.9403862,
"NOR","SELFEMPWEMP","WOMEN","PC_EMP","A","2013",1.00968,
"NOR","SELFEMPWEMP","WOMEN","PC_EMP","A","2014",0.74454,
"NOR","SELFEMPWEMP","WOMEN","PC_EMP","A","2015",0.7849293,
"NOR","SELFEMPWEMP","WOMEN","PC_EMP","A","2016",0.8955715,
"POL","SELFEMPWEMP","MEN","PC_EMP","A","1997",4.723081,
"POL","SELFEMPWEMP","MEN","PC_EMP","A","1998",5.195263,
"POL","SELFEMPWEMP","MEN","PC_EMP","A","1999",4.885805,
"POL","SELFEMPWEMP","MEN","PC_EMP","A","2000",4.845161,"B"
"POL","SELFEMPWEMP","MEN","PC_EMP","A","2001",4.681621,"B"
"POL","SELFEMPWEMP","MEN","PC_EMP","A","2002",4.850203,
"POL","SELFEMPWEMP","MEN","PC_EMP","A","2003",4.822062,"B"
"POL","SELFEMPWEMP","MEN","PC_EMP","A","2004",5.051482,"B"
"POL","SELFEMPWEMP","MEN","PC_EMP","A","2005",4.928693,"B"
"POL","SELFEMPWEMP","MEN","PC_EMP","A","2006",5.060992,
"POL","SELFEMPWEMP","MEN","PC_EMP","A","2007",5.078588,
"POL","SELFEMPWEMP","MEN","PC_EMP","A","2008",5.111396,
"POL","SELFEMPWEMP","MEN","PC_EMP","A","2009",5.238062,
"POL","SELFEMPWEMP","MEN","PC_EMP","A","2010",5.401457,"B"
"POL","SELFEMPWEMP","MEN","PC_EMP","A","2011",5.243583,
"POL","SELFEMPWEMP","MEN","PC_EMP","A","2012",5.156629,
"POL","SELFEMPWEMP","MEN","PC_EMP","A","2013",5.19704,
"POL","SELFEMPWEMP","MEN","PC_EMP","A","2014",5.106428,
"POL","SELFEMPWEMP","MEN","PC_EMP","A","2015",4.88021,
"POL","SELFEMPWEMP","MEN","PC_EMP","A","2016",4.91004,
"POL","SELFEMPWEMP","WOMEN","PC_EMP","A","1997",2.478172,
"POL","SELFEMPWEMP","WOMEN","PC_EMP","A","1998",2.744338,
"POL","SELFEMPWEMP","WOMEN","PC_EMP","A","1999",2.701023,
"POL","SELFEMPWEMP","WOMEN","PC_EMP","A","2000",2.676924,"B"
"POL","SELFEMPWEMP","WOMEN","PC_EMP","A","2001",2.435211,"B"
"POL","SELFEMPWEMP","WOMEN","PC_EMP","A","2002",2.462391,
"POL","SELFEMPWEMP","WOMEN","PC_EMP","A","2003",2.519263,"B"
"POL","SELFEMPWEMP","WOMEN","PC_EMP","A","2004",2.772476,"B"
"POL","SELFEMPWEMP","WOMEN","PC_EMP","A","2005",2.734571,"B"
"POL","SELFEMPWEMP","WOMEN","PC_EMP","A","2006",2.742119,
"POL","SELFEMPWEMP","WOMEN","PC_EMP","A","2007",2.749952,
"POL","SELFEMPWEMP","WOMEN","PC_EMP","A","2008",2.728939,
"POL","SELFEMPWEMP","WOMEN","PC_EMP","A","2009",2.660276,
"POL","SELFEMPWEMP","WOMEN","PC_EMP","A","2010",2.673553,"B"
"POL","SELFEMPWEMP","WOMEN","PC_EMP","A","2011",2.815145,
"POL","SELFEMPWEMP","WOMEN","PC_EMP","A","2012",2.787034,
"POL","SELFEMPWEMP","WOMEN","PC_EMP","A","2013",2.791569,
"POL","SELFEMPWEMP","WOMEN","PC_EMP","A","2014",2.734744,
"POL","SELFEMPWEMP","WOMEN","PC_EMP","A","2015",2.523416,
"POL","SELFEMPWEMP","WOMEN","PC_EMP","A","2016",2.491381,
"PRT","SELFEMPWEMP","MEN","PC_EMP","A","1995",8.505677,
"PRT","SELFEMPWEMP","MEN","PC_EMP","A","1996",8.575273,
"PRT","SELFEMPWEMP","MEN","PC_EMP","A","1997",8.015316,
"PRT","SELFEMPWEMP","MEN","PC_EMP","A","1998",8.458299,"B"
"PRT","SELFEMPWEMP","MEN","PC_EMP","A","1999",8.269526,
"PRT","SELFEMPWEMP","MEN","PC_EMP","A","2000",8.459576,
"PRT","SELFEMPWEMP","MEN","PC_EMP","A","2001",8.788029,
"PRT","SELFEMPWEMP","MEN","PC_EMP","A","2002",8.759761,
"PRT","SELFEMPWEMP","MEN","PC_EMP","A","2003",8.665941,
"PRT","SELFEMPWEMP","MEN","PC_EMP","A","2004",8.699569,
"PRT","SELFEMPWEMP","MEN","PC_EMP","A","2005",8.152906,"B"
"PRT","SELFEMPWEMP","MEN","PC_EMP","A","2006",7.32159,
"PRT","SELFEMPWEMP","MEN","PC_EMP","A","2007",7.320915,
"PRT","SELFEMPWEMP","MEN","PC_EMP","A","2008",7.390655,
"PRT","SELFEMPWEMP","MEN","PC_EMP","A","2009",7.475677,
"PRT","SELFEMPWEMP","MEN","PC_EMP","A","2010",7.025692,
"PRT","SELFEMPWEMP","MEN","PC_EMP","A","2011",6.865296,"B"
"PRT","SELFEMPWEMP","MEN","PC_EMP","A","2012",6.421386,
"PRT","SELFEMPWEMP","MEN","PC_EMP","A","2013",6.794878,
"PRT","SELFEMPWEMP","MEN","PC_EMP","A","2014",6.941492,
"PRT","SELFEMPWEMP","MEN","PC_EMP","A","2015",6.540471,
"PRT","SELFEMPWEMP","MEN","PC_EMP","A","2016",6.063348,
"PRT","SELFEMPWEMP","WOMEN","PC_EMP","A","1995",3.516925,
"PRT","SELFEMPWEMP","WOMEN","PC_EMP","A","1996",3.681339,
"PRT","SELFEMPWEMP","WOMEN","PC_EMP","A","1997",3.699673,
"PRT","SELFEMPWEMP","WOMEN","PC_EMP","A","1998",3.484967,"B"
"PRT","SELFEMPWEMP","WOMEN","PC_EMP","A","1999",3.220727,
"PRT","SELFEMPWEMP","WOMEN","PC_EMP","A","2000",3.482005,
"PRT","SELFEMPWEMP","WOMEN","PC_EMP","A","2001",3.341465,
"PRT","SELFEMPWEMP","WOMEN","PC_EMP","A","2002",3.352285,
"PRT","SELFEMPWEMP","WOMEN","PC_EMP","A","2003",3.61325,
"PRT","SELFEMPWEMP","WOMEN","PC_EMP","A","2004",3.689718,
"PRT","SELFEMPWEMP","WOMEN","PC_EMP","A","2005",3.325459,"B"
"PRT","SELFEMPWEMP","WOMEN","PC_EMP","A","2006",3.262834,
"PRT","SELFEMPWEMP","WOMEN","PC_EMP","A","2007",3.482497,
"PRT","SELFEMPWEMP","WOMEN","PC_EMP","A","2008",3.401239,
"PRT","SELFEMPWEMP","WOMEN","PC_EMP","A","2009",3.037574,
"PRT","SELFEMPWEMP","WOMEN","PC_EMP","A","2010",2.949515,
"PRT","SELFEMPWEMP","WOMEN","PC_EMP","A","2011",2.975692,"B"
"PRT","SELFEMPWEMP","WOMEN","PC_EMP","A","2012",3.266307,
"PRT","SELFEMPWEMP","WOMEN","PC_EMP","A","2013",3.173826,
"PRT","SELFEMPWEMP","WOMEN","PC_EMP","A","2014",2.965514,
"PRT","SELFEMPWEMP","WOMEN","PC_EMP","A","2015",2.820609,
"PRT","SELFEMPWEMP","WOMEN","PC_EMP","A","2016",2.915047,
"SVK","SELFEMPWEMP","MEN","PC_EMP","A","1998",3.443139,
"SVK","SELFEMPWEMP","MEN","PC_EMP","A","1999",3.128249,"B"
"SVK","SELFEMPWEMP","MEN","PC_EMP","A","2000",3.370186,
"SVK","SELFEMPWEMP","MEN","PC_EMP","A","2001",3.492987,
"SVK","SELFEMPWEMP","MEN","PC_EMP","A","2002",3.330704,
"SVK","SELFEMPWEMP","MEN","PC_EMP","A","2003",3.699284,"B"
"SVK","SELFEMPWEMP","MEN","PC_EMP","A","2004",4.627424,
"SVK","SELFEMPWEMP","MEN","PC_EMP","A","2005",4.302828,"B"
"SVK","SELFEMPWEMP","MEN","PC_EMP","A","2006",4.054369,
"SVK","SELFEMPWEMP","MEN","PC_EMP","A","2007",4.019414,
"SVK","SELFEMPWEMP","MEN","PC_EMP","A","2008",4.376658,
"SVK","SELFEMPWEMP","MEN","PC_EMP","A","2009",4.612238,
"SVK","SELFEMPWEMP","MEN","PC_EMP","A","2010",4.771216,
"SVK","SELFEMPWEMP","MEN","PC_EMP","A","2011",4.599937,"B"
"SVK","SELFEMPWEMP","MEN","PC_EMP","A","2012",3.895403,
"SVK","SELFEMPWEMP","MEN","PC_EMP","A","2013",4.199658,
"SVK","SELFEMPWEMP","MEN","PC_EMP","A","2014",4.213182,
"SVK","SELFEMPWEMP","MEN","PC_EMP","A","2015",3.992822,
"SVK","SELFEMPWEMP","MEN","PC_EMP","A","2016",4.147769,
"SVK","SELFEMPWEMP","WOMEN","PC_EMP","A","1998",1.368891,
"SVK","SELFEMPWEMP","WOMEN","PC_EMP","A","1999",1.344086,"B"
"SVK","SELFEMPWEMP","WOMEN","PC_EMP","A","2000",1.536532,
"SVK","SELFEMPWEMP","WOMEN","PC_EMP","A","2001",1.700123,
"SVK","SELFEMPWEMP","WOMEN","PC_EMP","A","2002",1.129534,
"SVK","SELFEMPWEMP","WOMEN","PC_EMP","A","2003",1.449275,"B"
"SVK","SELFEMPWEMP","WOMEN","PC_EMP","A","2004",1.832678,
"SVK","SELFEMPWEMP","WOMEN","PC_EMP","A","2005",1.836735,"B"
"SVK","SELFEMPWEMP","WOMEN","PC_EMP","A","2006",1.865634,
"SVK","SELFEMPWEMP","WOMEN","PC_EMP","A","2007",1.947863,
"SVK","SELFEMPWEMP","WOMEN","PC_EMP","A","2008",1.669324,
"SVK","SELFEMPWEMP","WOMEN","PC_EMP","A","2009",1.862575,
"SVK","SELFEMPWEMP","WOMEN","PC_EMP","A","2010",2.031691,
"SVK","SELFEMPWEMP","WOMEN","PC_EMP","A","2011",2.101335,"B"
"SVK","SELFEMPWEMP","WOMEN","PC_EMP","A","2012",1.802508,
"SVK","SELFEMPWEMP","WOMEN","PC_EMP","A","2013",1.729162,
"SVK","SELFEMPWEMP","WOMEN","PC_EMP","A","2014",1.786057,
"SVK","SELFEMPWEMP","WOMEN","PC_EMP","A","2015",1.798427,
"SVK","SELFEMPWEMP","WOMEN","PC_EMP","A","2016",1.873812,
"ESP","SELFEMPWEMP","MEN","PC_EMP","A","1995",6.101134,
"ESP","SELFEMPWEMP","MEN","PC_EMP","A","1996",6.518908,
"ESP","SELFEMPWEMP","MEN","PC_EMP","A","1997",6.564163,
"ESP","SELFEMPWEMP","MEN","PC_EMP","A","1998",6.331214,
"ESP","SELFEMPWEMP","MEN","PC_EMP","A","1999",7.33999,
"ESP","SELFEMPWEMP","MEN","PC_EMP","A","2000",6.851814,
"ESP","SELFEMPWEMP","MEN","PC_EMP","A","2001",6.589221,"B"
"ESP","SELFEMPWEMP","MEN","PC_EMP","A","2002",6.321005,
"ESP","SELFEMPWEMP","MEN","PC_EMP","A","2003",6.729982,
"ESP","SELFEMPWEMP","MEN","PC_EMP","A","2004",6.707834,
"ESP","SELFEMPWEMP","MEN","PC_EMP","A","2005",6.333181,"B"
"ESP","SELFEMPWEMP","MEN","PC_EMP","A","2006",6.688192,
"ESP","SELFEMPWEMP","MEN","PC_EMP","A","2007",6.849098,
"ESP","SELFEMPWEMP","MEN","PC_EMP","A","2008",7.217226,
"ESP","SELFEMPWEMP","MEN","PC_EMP","A","2009",7.024137,"B"
"ESP","SELFEMPWEMP","MEN","PC_EMP","A","2010",6.971638,
"ESP","SELFEMPWEMP","MEN","PC_EMP","A","2011",6.508676,
"ESP","SELFEMPWEMP","MEN","PC_EMP","A","2012",6.519753,
"ESP","SELFEMPWEMP","MEN","PC_EMP","A","2013",6.404746,
"ESP","SELFEMPWEMP","MEN","PC_EMP","A","2014",6.221833,
"ESP","SELFEMPWEMP","MEN","PC_EMP","A","2015",6.158537,
"ESP","SELFEMPWEMP","MEN","PC_EMP","A","2016",6.05235,
"ESP","SELFEMPWEMP","WOMEN","PC_EMP","A","1995",2.355425,
"ESP","SELFEMPWEMP","WOMEN","PC_EMP","A","1996",2.56615,
"ESP","SELFEMPWEMP","WOMEN","PC_EMP","A","1997",2.639252,
"ESP","SELFEMPWEMP","WOMEN","PC_EMP","A","1998",2.88083,
"ESP","SELFEMPWEMP","WOMEN","PC_EMP","A","1999",3.343236,
"ESP","SELFEMPWEMP","WOMEN","PC_EMP","A","2000",3.28661,
"ESP","SELFEMPWEMP","WOMEN","PC_EMP","A","2001",3.213259,"B"
"ESP","SELFEMPWEMP","WOMEN","PC_EMP","A","2002",3.031931,
"ESP","SELFEMPWEMP","WOMEN","PC_EMP","A","2003",2.866628,
"ESP","SELFEMPWEMP","WOMEN","PC_EMP","A","2004",3.070642,
"ESP","SELFEMPWEMP","WOMEN","PC_EMP","A","2005",2.96853,"B"
"ESP","SELFEMPWEMP","WOMEN","PC_EMP","A","2006",3.167555,
"ESP","SELFEMPWEMP","WOMEN","PC_EMP","A","2007",3.147988,
"ESP","SELFEMPWEMP","WOMEN","PC_EMP","A","2008",3.32466,
"ESP","SELFEMPWEMP","WOMEN","PC_EMP","A","2009",3.515672,"B"
"ESP","SELFEMPWEMP","WOMEN","PC_EMP","A","2010",3.414196,
"ESP","SELFEMPWEMP","WOMEN","PC_EMP","A","2011",3.145229,
"ESP","SELFEMPWEMP","WOMEN","PC_EMP","A","2012",3.260186,
"ESP","SELFEMPWEMP","WOMEN","PC_EMP","A","2013",3.251896,
"ESP","SELFEMPWEMP","WOMEN","PC_EMP","A","2014",3.354234,
"ESP","SELFEMPWEMP","WOMEN","PC_EMP","A","2015",3.162345,
"ESP","SELFEMPWEMP","WOMEN","PC_EMP","A","2016",3.266244,
"SWE","SELFEMPWEMP","MEN","PC_EMP","A","1995",5.749597,
"SWE","SELFEMPWEMP","MEN","PC_EMP","A","1996",6.175467,
"SWE","SELFEMPWEMP","MEN","PC_EMP","A","1997",6.106146,
"SWE","SELFEMPWEMP","MEN","PC_EMP","A","1998",5.850881,
"SWE","SELFEMPWEMP","MEN","PC_EMP","A","1999",5.984593,
"SWE","SELFEMPWEMP","MEN","PC_EMP","A","2000",5.931113,
"SWE","SELFEMPWEMP","MEN","PC_EMP","A","2001",5.734638,"B"
"SWE","SELFEMPWEMP","MEN","PC_EMP","A","2002",5.858157,
"SWE","SELFEMPWEMP","MEN","PC_EMP","A","2003",5.809485,
"SWE","SELFEMPWEMP","MEN","PC_EMP","A","2004",5.60149,
"SWE","SELFEMPWEMP","MEN","PC_EMP","A","2005",5.96948,"B"
"SWE","SELFEMPWEMP","MEN","PC_EMP","A","2006",5.847261,
"SWE","SELFEMPWEMP","MEN","PC_EMP","A","2007",5.907064,
"SWE","SELFEMPWEMP","MEN","PC_EMP","A","2008",5.571586,
"SWE","SELFEMPWEMP","MEN","PC_EMP","A","2009",5.535426,
"SWE","SELFEMPWEMP","MEN","PC_EMP","A","2010",5.641358,
"SWE","SELFEMPWEMP","MEN","PC_EMP","A","2011",5.298913,
"SWE","SELFEMPWEMP","MEN","PC_EMP","A","2012",5.506382,
"SWE","SELFEMPWEMP","MEN","PC_EMP","A","2013",5.570303,
"SWE","SELFEMPWEMP","MEN","PC_EMP","A","2014",5.24907,
"SWE","SELFEMPWEMP","MEN","PC_EMP","A","2015",5.070667,
"SWE","SELFEMPWEMP","MEN","PC_EMP","A","2016",5.184341,
"SWE","SELFEMPWEMP","WOMEN","PC_EMP","A","1995",1.598221,
"SWE","SELFEMPWEMP","WOMEN","PC_EMP","A","1996",1.74794,
"SWE","SELFEMPWEMP","WOMEN","PC_EMP","A","1997",1.642699,
"SWE","SELFEMPWEMP","WOMEN","PC_EMP","A","1998",1.775372,
"SWE","SELFEMPWEMP","WOMEN","PC_EMP","A","1999",1.853587,
"SWE","SELFEMPWEMP","WOMEN","PC_EMP","A","2000",1.716804,
"SWE","SELFEMPWEMP","WOMEN","PC_EMP","A","2001",1.371534,"B"
"SWE","SELFEMPWEMP","WOMEN","PC_EMP","A","2002",1.33547,
"SWE","SELFEMPWEMP","WOMEN","PC_EMP","A","2003",1.480406,
"SWE","SELFEMPWEMP","WOMEN","PC_EMP","A","2004",1.47578,
"SWE","SELFEMPWEMP","WOMEN","PC_EMP","A","2005",1.585127,"B"
"SWE","SELFEMPWEMP","WOMEN","PC_EMP","A","2006",1.558805,
"SWE","SELFEMPWEMP","WOMEN","PC_EMP","A","2007",1.461919,
"SWE","SELFEMPWEMP","WOMEN","PC_EMP","A","2008",1.520752,
"SWE","SELFEMPWEMP","WOMEN","PC_EMP","A","2009",1.56131,
"SWE","SELFEMPWEMP","WOMEN","PC_EMP","A","2010",1.711608,
"SWE","SELFEMPWEMP","WOMEN","PC_EMP","A","2011",1.633301,
"SWE","SELFEMPWEMP","WOMEN","PC_EMP","A","2012",1.671528,
"SWE","SELFEMPWEMP","WOMEN","PC_EMP","A","2013",1.673621,
"SWE","SELFEMPWEMP","WOMEN","PC_EMP","A","2014",1.613342,
"SWE","SELFEMPWEMP","WOMEN","PC_EMP","A","2015",1.629391,
"SWE","SELFEMPWEMP","WOMEN","PC_EMP","A","2016",1.6197,
"CHE","SELFEMPWEMP","MEN","PC_EMP","A","1996",7.885994,
"CHE","SELFEMPWEMP","MEN","PC_EMP","A","1997",7.164397,
"CHE","SELFEMPWEMP","MEN","PC_EMP","A","1998",7.126448,
"CHE","SELFEMPWEMP","MEN","PC_EMP","A","1999",7.950749,
"CHE","SELFEMPWEMP","MEN","PC_EMP","A","2000",8.136558,
"CHE","SELFEMPWEMP","MEN","PC_EMP","A","2001",9.007568,
"CHE","SELFEMPWEMP","MEN","PC_EMP","A","2002",8.704282,
"CHE","SELFEMPWEMP","MEN","PC_EMP","A","2003",8.978004,
"CHE","SELFEMPWEMP","MEN","PC_EMP","A","2004",8.765619,
"CHE","SELFEMPWEMP","MEN","PC_EMP","A","2005",8.833805,"B"
"CHE","SELFEMPWEMP","MEN","PC_EMP","A","2006",8.657104,
"CHE","SELFEMPWEMP","MEN","PC_EMP","A","2007",8.108355,
"CHE","SELFEMPWEMP","MEN","PC_EMP","A","2008",8.400937,
"CHE","SELFEMPWEMP","MEN","PC_EMP","A","2009",7.781123,
"CHE","SELFEMPWEMP","MEN","PC_EMP","A","2010",8.44956,"B"
"CHE","SELFEMPWEMP","MEN","PC_EMP","A","2011",8.003729,
"CHE","SELFEMPWEMP","MEN","PC_EMP","A","2012",8.274586,
"CHE","SELFEMPWEMP","MEN","PC_EMP","A","2013",7.93052,
"CHE","SELFEMPWEMP","MEN","PC_EMP","A","2014",7.786956,
"CHE","SELFEMPWEMP","MEN","PC_EMP","A","2015",7.517925,
"CHE","SELFEMPWEMP","MEN","PC_EMP","A","2016",7.822014,
"CHE","SELFEMPWEMP","WOMEN","PC_EMP","A","1996",7.26421,
"CHE","SELFEMPWEMP","WOMEN","PC_EMP","A","1997",7.870743,
"CHE","SELFEMPWEMP","WOMEN","PC_EMP","A","1998",7.749818,
"CHE","SELFEMPWEMP","WOMEN","PC_EMP","A","1999",7.609153,
"CHE","SELFEMPWEMP","WOMEN","PC_EMP","A","2000",7.565394,
"CHE","SELFEMPWEMP","WOMEN","PC_EMP","A","2001",3.597122,
"CHE","SELFEMPWEMP","WOMEN","PC_EMP","A","2002",3.562647,
"CHE","SELFEMPWEMP","WOMEN","PC_EMP","A","2003",3.480252,
"CHE","SELFEMPWEMP","WOMEN","PC_EMP","A","2004",3.150325,
"CHE","SELFEMPWEMP","WOMEN","PC_EMP","A","2005",3.188062,"B"
"CHE","SELFEMPWEMP","WOMEN","PC_EMP","A","2006",3.050678,
"CHE","SELFEMPWEMP","WOMEN","PC_EMP","A","2007",3.220497,
"CHE","SELFEMPWEMP","WOMEN","PC_EMP","A","2008",3.180473,
"CHE","SELFEMPWEMP","WOMEN","PC_EMP","A","2009",3.050405,
"CHE","SELFEMPWEMP","WOMEN","PC_EMP","A","2010",3.350075,"B"
"CHE","SELFEMPWEMP","WOMEN","PC_EMP","A","2011",3.088964,
"CHE","SELFEMPWEMP","WOMEN","PC_EMP","A","2012",3.152157,
"CHE","SELFEMPWEMP","WOMEN","PC_EMP","A","2013",3.296033,
"CHE","SELFEMPWEMP","WOMEN","PC_EMP","A","2014",3.253937,
"CHE","SELFEMPWEMP","WOMEN","PC_EMP","A","2015",3.213166,
"CHE","SELFEMPWEMP","WOMEN","PC_EMP","A","2016",3.325942,
"TUR","SELFEMPWEMP","MEN","PC_EMP","A","2006",7.127529,
"TUR","SELFEMPWEMP","MEN","PC_EMP","A","2007",7.203145,
"TUR","SELFEMPWEMP","MEN","PC_EMP","A","2008",7.429057,
"TUR","SELFEMPWEMP","MEN","PC_EMP","A","2009",7.29537,
"TUR","SELFEMPWEMP","MEN","PC_EMP","A","2010",6.858399,
"TUR","SELFEMPWEMP","MEN","PC_EMP","A","2011",6.702497,
"TUR","SELFEMPWEMP","MEN","PC_EMP","A","2012",6.499431,
"TUR","SELFEMPWEMP","MEN","PC_EMP","A","2013",6.035707,
"TUR","SELFEMPWEMP","MEN","PC_EMP","A","2014",5.848282,"B"
"TUR","SELFEMPWEMP","MEN","PC_EMP","A","2015",5.774772,
"TUR","SELFEMPWEMP","MEN","PC_EMP","A","2016",5.924594,
"TUR","SELFEMPWEMP","WOMEN","PC_EMP","A","2006",1.304671,
"TUR","SELFEMPWEMP","WOMEN","PC_EMP","A","2007",1.386542,
"TUR","SELFEMPWEMP","WOMEN","PC_EMP","A","2008",1.37092,
"TUR","SELFEMPWEMP","WOMEN","PC_EMP","A","2009",1.307419,
"TUR","SELFEMPWEMP","WOMEN","PC_EMP","A","2010",1.281478,
"TUR","SELFEMPWEMP","WOMEN","PC_EMP","A","2011",1.233293,
"TUR","SELFEMPWEMP","WOMEN","PC_EMP","A","2012",1.272972,
"TUR","SELFEMPWEMP","WOMEN","PC_EMP","A","2013",1.246578,
"TUR","SELFEMPWEMP","WOMEN","PC_EMP","A","2014",1.237281,"B"
"TUR","SELFEMPWEMP","WOMEN","PC_EMP","A","2015",1.189337,
"TUR","SELFEMPWEMP","WOMEN","PC_EMP","A","2016",1.339033,
"GBR","SELFEMPWEMP","MEN","PC_EMP","A","1995",4.608256,
"GBR","SELFEMPWEMP","MEN","PC_EMP","A","1996",4.210519,
"GBR","SELFEMPWEMP","MEN","PC_EMP","A","1997",4.353017,
"GBR","SELFEMPWEMP","MEN","PC_EMP","A","1998",4.223991,
"GBR","SELFEMPWEMP","MEN","PC_EMP","A","1999",4.505674,"B"
"GBR","SELFEMPWEMP","MEN","PC_EMP","A","2000",4.397655,
"GBR","SELFEMPWEMP","MEN","PC_EMP","A","2001",4.364519,
"GBR","SELFEMPWEMP","MEN","PC_EMP","A","2002",4.193636,
"GBR","SELFEMPWEMP","MEN","PC_EMP","A","2003",4.071017,
"GBR","SELFEMPWEMP","MEN","PC_EMP","A","2004",4.119426,"B"
"GBR","SELFEMPWEMP","MEN","PC_EMP","A","2005",4.007217,"B"
"GBR","SELFEMPWEMP","MEN","PC_EMP","A","2006",3.969883,
"GBR","SELFEMPWEMP","MEN","PC_EMP","A","2007",3.914928,"B"
"GBR","SELFEMPWEMP","MEN","PC_EMP","A","2008",3.950954,"B"
"GBR","SELFEMPWEMP","MEN","PC_EMP","A","2009",3.829785,
"GBR","SELFEMPWEMP","MEN","PC_EMP","A","2010",3.525724,
"GBR","SELFEMPWEMP","MEN","PC_EMP","A","2011",3.404535,
"GBR","SELFEMPWEMP","MEN","PC_EMP","A","2012",3.32644,
"GBR","SELFEMPWEMP","MEN","PC_EMP","A","2013",3.170604,
"GBR","SELFEMPWEMP","MEN","PC_EMP","A","2014",3.292956,
"GBR","SELFEMPWEMP","MEN","PC_EMP","A","2015",3.194267,
"GBR","SELFEMPWEMP","MEN","PC_EMP","A","2016",3.139398,
"GBR","SELFEMPWEMP","WOMEN","PC_EMP","A","1995",1.63137,
"GBR","SELFEMPWEMP","WOMEN","PC_EMP","A","1996",1.60577,
"GBR","SELFEMPWEMP","WOMEN","PC_EMP","A","1997",1.711773,
"GBR","SELFEMPWEMP","WOMEN","PC_EMP","A","1998",1.64807,
"GBR","SELFEMPWEMP","WOMEN","PC_EMP","A","1999",1.433994,"B"
"GBR","SELFEMPWEMP","WOMEN","PC_EMP","A","2000",1.641786,
"GBR","SELFEMPWEMP","WOMEN","PC_EMP","A","2001",1.598317,
"GBR","SELFEMPWEMP","WOMEN","PC_EMP","A","2002",1.583881,
"GBR","SELFEMPWEMP","WOMEN","PC_EMP","A","2003",1.620474,
"GBR","SELFEMPWEMP","WOMEN","PC_EMP","A","2004",1.658114,"B"
"GBR","SELFEMPWEMP","WOMEN","PC_EMP","A","2005",1.51471,"B"
"GBR","SELFEMPWEMP","WOMEN","PC_EMP","A","2006",1.470767,
"GBR","SELFEMPWEMP","WOMEN","PC_EMP","A","2007",1.499562,"B"
"GBR","SELFEMPWEMP","WOMEN","PC_EMP","A","2008",1.337778,"B"
"GBR","SELFEMPWEMP","WOMEN","PC_EMP","A","2009",1.389945,
"GBR","SELFEMPWEMP","WOMEN","PC_EMP","A","2010",1.388083,
"GBR","SELFEMPWEMP","WOMEN","PC_EMP","A","2011",1.288733,
"GBR","SELFEMPWEMP","WOMEN","PC_EMP","A","2012",1.34971,
"GBR","SELFEMPWEMP","WOMEN","PC_EMP","A","2013",1.358578,
"GBR","SELFEMPWEMP","WOMEN","PC_EMP","A","2014",1.359188,
"GBR","SELFEMPWEMP","WOMEN","PC_EMP","A","2015",1.216576,
"GBR","SELFEMPWEMP","WOMEN","PC_EMP","A","2016",1.309467,
"USA","SELFEMPWEMP","MEN","PC_EMP","A","2013",3.436669,"E"
"USA","SELFEMPWEMP","MEN","PC_EMP","A","2014",3.42635,
"USA","SELFEMPWEMP","MEN","PC_EMP","A","2015",3.538436,
"USA","SELFEMPWEMP","MEN","PC_EMP","A","2016",3.368583,
"USA","SELFEMPWEMP","WOMEN","PC_EMP","A","2013",1.244525,"E"
"USA","SELFEMPWEMP","WOMEN","PC_EMP","A","2014",1.192194,
"USA","SELFEMPWEMP","WOMEN","PC_EMP","A","2015",1.24098,
"USA","SELFEMPWEMP","WOMEN","PC_EMP","A","2016",1.209291,
"BRA","SELFEMPWEMP","MEN","PC_EMP","A","2003",6.741943,
"BRA","SELFEMPWEMP","MEN","PC_EMP","A","2004",6.416519,
"BRA","SELFEMPWEMP","MEN","PC_EMP","A","2005",6.229187,
"BRA","SELFEMPWEMP","MEN","PC_EMP","A","2006",6.00808,
"BRA","SELFEMPWEMP","MEN","PC_EMP","A","2007",5.813702,
"BRA","SELFEMPWEMP","MEN","PC_EMP","A","2008",5.678926,
"BRA","SELFEMPWEMP","MEN","PC_EMP","A","2009",5.607026,
"BRA","SELFEMPWEMP","MEN","PC_EMP","A","2010",5.48209,
"BRA","SELFEMPWEMP","MEN","PC_EMP","A","2011",5.249124,
"BRA","SELFEMPWEMP","MEN","PC_EMP","A","2012",5.456175,
"BRA","SELFEMPWEMP","MEN","PC_EMP","A","2013",5.470916,
"BRA","SELFEMPWEMP","MEN","PC_EMP","A","2014",5.301097,
"BRA","SELFEMPWEMP","MEN","PC_EMP","A","2015",5.130892,
"BRA","SELFEMPWEMP","WOMEN","PC_EMP","A","2003",3.509656,
"BRA","SELFEMPWEMP","WOMEN","PC_EMP","A","2004",3.417904,
"BRA","SELFEMPWEMP","WOMEN","PC_EMP","A","2005",3.395874,
"BRA","SELFEMPWEMP","WOMEN","PC_EMP","A","2006",3.234155,
"BRA","SELFEMPWEMP","WOMEN","PC_EMP","A","2007",3.063329,
"BRA","SELFEMPWEMP","WOMEN","PC_EMP","A","2008",2.910126,
"BRA","SELFEMPWEMP","WOMEN","PC_EMP","A","2009",2.911062,
"BRA","SELFEMPWEMP","WOMEN","PC_EMP","A","2010",2.970449,
"BRA","SELFEMPWEMP","WOMEN","PC_EMP","A","2011",2.78576,
"BRA","SELFEMPWEMP","WOMEN","PC_EMP","A","2012",2.820035,
"BRA","SELFEMPWEMP","WOMEN","PC_EMP","A","2013",2.817351,
"BRA","SELFEMPWEMP","WOMEN","PC_EMP","A","2014",2.686646,
"BRA","SELFEMPWEMP","WOMEN","PC_EMP","A","2015",2.572414,
"CHL","SELFEMPWEMP","MEN","PC_EMP","A","2010",5.855107,
"CHL","SELFEMPWEMP","MEN","PC_EMP","A","2011",5.729996,
"CHL","SELFEMPWEMP","MEN","PC_EMP","A","2012",5.395612,
"CHL","SELFEMPWEMP","MEN","PC_EMP","A","2013",4.211257,
"CHL","SELFEMPWEMP","MEN","PC_EMP","A","2014",4.222652,
"CHL","SELFEMPWEMP","MEN","PC_EMP","A","2015",5.335033,
"CHL","SELFEMPWEMP","MEN","PC_EMP","A","2016",5.275289,
"CHL","SELFEMPWEMP","MEN","PC_EMP","A","2017",6.125219,
"CHL","SELFEMPWEMP","WOMEN","PC_EMP","A","2010",2.846495,
"CHL","SELFEMPWEMP","WOMEN","PC_EMP","A","2011",2.848913,
"CHL","SELFEMPWEMP","WOMEN","PC_EMP","A","2012",2.287435,
"CHL","SELFEMPWEMP","WOMEN","PC_EMP","A","2013",2.519877,
"CHL","SELFEMPWEMP","WOMEN","PC_EMP","A","2014",1.263142,
"CHL","SELFEMPWEMP","WOMEN","PC_EMP","A","2015",2.428756,
"CHL","SELFEMPWEMP","WOMEN","PC_EMP","A","2016",2.318843,
"CHL","SELFEMPWEMP","WOMEN","PC_EMP","A","2017",2.404677,
"EST","SELFEMPWEMP","MEN","PC_EMP","A","1997",3.659348,
"EST","SELFEMPWEMP","MEN","PC_EMP","A","1998",3.848684,
"EST","SELFEMPWEMP","MEN","PC_EMP","A","1999",5.427171,
"EST","SELFEMPWEMP","MEN","PC_EMP","A","2000",4.102921,"B"
"EST","SELFEMPWEMP","MEN","PC_EMP","A","2001",3.26685,"N"
"EST","SELFEMPWEMP","MEN","PC_EMP","A","2002",2.47678,"N"
"EST","SELFEMPWEMP","MEN","PC_EMP","A","2003",3.36163,"N"
"EST","SELFEMPWEMP","MEN","PC_EMP","A","2004",5.214088,
"EST","SELFEMPWEMP","MEN","PC_EMP","A","2005",4.032531,"B"
"EST","SELFEMPWEMP","MEN","PC_EMP","A","2006",4.31632,
"EST","SELFEMPWEMP","MEN","PC_EMP","A","2007",5.063291,
"EST","SELFEMPWEMP","MEN","PC_EMP","A","2008",5.196412,
"EST","SELFEMPWEMP","MEN","PC_EMP","A","2009",6.143466,
"EST","SELFEMPWEMP","MEN","PC_EMP","A","2010",5.792797,
"EST","SELFEMPWEMP","MEN","PC_EMP","A","2011",6.445048,
"EST","SELFEMPWEMP","MEN","PC_EMP","A","2012",6.239573,
"EST","SELFEMPWEMP","MEN","PC_EMP","A","2013",6.038726,
"EST","SELFEMPWEMP","MEN","PC_EMP","A","2014",5.375648,
"EST","SELFEMPWEMP","MEN","PC_EMP","A","2015",5.334596,
"EST","SELFEMPWEMP","MEN","PC_EMP","A","2016",5.513548,
"EST","SELFEMPWEMP","WOMEN","PC_EMP","A","1997",0,"N"
"EST","SELFEMPWEMP","WOMEN","PC_EMP","A","1998",1.51047,
"EST","SELFEMPWEMP","WOMEN","PC_EMP","A","1999",1.831897,
"EST","SELFEMPWEMP","WOMEN","PC_EMP","A","2000",1.87213,"N"
"EST","SELFEMPWEMP","WOMEN","PC_EMP","A","2001",0,"N"
"EST","SELFEMPWEMP","WOMEN","PC_EMP","A","2002",0,"N"
"EST","SELFEMPWEMP","WOMEN","PC_EMP","A","2003",1.985816,"N"
"EST","SELFEMPWEMP","WOMEN","PC_EMP","A","2004",0,"N"
"EST","SELFEMPWEMP","WOMEN","PC_EMP","A","2005",1.306095,"B"
"EST","SELFEMPWEMP","WOMEN","PC_EMP","A","2006",1.166181,"N"
"EST","SELFEMPWEMP","WOMEN","PC_EMP","A","2007",1.588331,
"EST","SELFEMPWEMP","WOMEN","PC_EMP","A","2008",1.618647,
"EST","SELFEMPWEMP","WOMEN","PC_EMP","A","2009",1.747174,
"EST","SELFEMPWEMP","WOMEN","PC_EMP","A","2010",1.398351,
"EST","SELFEMPWEMP","WOMEN","PC_EMP","A","2011",1.604465,
"EST","SELFEMPWEMP","WOMEN","PC_EMP","A","2012",1.304497,
"EST","SELFEMPWEMP","WOMEN","PC_EMP","A","2013",1.404591,
"EST","SELFEMPWEMP","WOMEN","PC_EMP","A","2014",1.341128,
"EST","SELFEMPWEMP","WOMEN","PC_EMP","A","2015",1.991225,
"EST","SELFEMPWEMP","WOMEN","PC_EMP","A","2016",2.305866,
"ISR","SELFEMPWEMP","MEN","PC_EMP","A","1995",7.36777,"B"
"ISR","SELFEMPWEMP","MEN","PC_EMP","A","1998",7.31,"B"
"ISR","SELFEMPWEMP","MEN","PC_EMP","A","2001",7.1,"B"
"ISR","SELFEMPWEMP","MEN","PC_EMP","A","2004",1.75,
"ISR","SELFEMPWEMP","MEN","PC_EMP","A","2005",6.74,
"ISR","SELFEMPWEMP","MEN","PC_EMP","A","2008",6.827772,
"ISR","SELFEMPWEMP","MEN","PC_EMP","A","2009",7.2,"B"
"ISR","SELFEMPWEMP","MEN","PC_EMP","A","2010",6.6,
"ISR","SELFEMPWEMP","MEN","PC_EMP","A","2011",6.56,
"ISR","SELFEMPWEMP","MEN","PC_EMP","A","2012",6.2,"B"
"ISR","SELFEMPWEMP","MEN","PC_EMP","A","2013",5.855095,
"ISR","SELFEMPWEMP","MEN","PC_EMP","A","2014",5.699687,
"ISR","SELFEMPWEMP","MEN","PC_EMP","A","2015",6.149947,
"ISR","SELFEMPWEMP","MEN","PC_EMP","A","2016",6.19632,
"ISR","SELFEMPWEMP","WOMEN","PC_EMP","A","1995",1.066507,"B"
"ISR","SELFEMPWEMP","WOMEN","PC_EMP","A","1998",1.25,"B"
"ISR","SELFEMPWEMP","WOMEN","PC_EMP","A","2001",1.3,"B"
"ISR","SELFEMPWEMP","WOMEN","PC_EMP","A","2004",1.75,
"ISR","SELFEMPWEMP","WOMEN","PC_EMP","A","2005",1.51,
"ISR","SELFEMPWEMP","WOMEN","PC_EMP","A","2008",1.726258,
"ISR","SELFEMPWEMP","WOMEN","PC_EMP","A","2009",1.687533,"B"
"ISR","SELFEMPWEMP","WOMEN","PC_EMP","A","2010",1.5,
"ISR","SELFEMPWEMP","WOMEN","PC_EMP","A","2011",1.72,"B"
"ISR","SELFEMPWEMP","WOMEN","PC_EMP","A","2012",1.6,
"ISR","SELFEMPWEMP","WOMEN","PC_EMP","A","2013",1.586159,
"ISR","SELFEMPWEMP","WOMEN","PC_EMP","A","2014",1.498492,
"ISR","SELFEMPWEMP","WOMEN","PC_EMP","A","2015",1.503764,
"ISR","SELFEMPWEMP","WOMEN","PC_EMP","A","2016",1.51439,
"SVN","SELFEMPWEMP","MEN","PC_EMP","A","1996",4.663893,
"SVN","SELFEMPWEMP","MEN","PC_EMP","A","1997",4.139108,
"SVN","SELFEMPWEMP","MEN","PC_EMP","A","1998",5.150487,
"SVN","SELFEMPWEMP","MEN","PC_EMP","A","1999",4.884319,
"SVN","SELFEMPWEMP","MEN","PC_EMP","A","2000",5.194805,
"SVN","SELFEMPWEMP","MEN","PC_EMP","A","2001",5.176325,
"SVN","SELFEMPWEMP","MEN","PC_EMP","A","2002",5.080926,
"SVN","SELFEMPWEMP","MEN","PC_EMP","A","2003",4.397906,
"SVN","SELFEMPWEMP","MEN","PC_EMP","A","2004",4.987981,
"SVN","SELFEMPWEMP","MEN","PC_EMP","A","2005",4.403268,"B"
"SVN","SELFEMPWEMP","MEN","PC_EMP","A","2006",4.807692,
"SVN","SELFEMPWEMP","MEN","PC_EMP","A","2007",4.727412,
"SVN","SELFEMPWEMP","MEN","PC_EMP","A","2008",4.418954,
"SVN","SELFEMPWEMP","MEN","PC_EMP","A","2009",4.668733,
"SVN","SELFEMPWEMP","MEN","PC_EMP","A","2010",5.182568,
"SVN","SELFEMPWEMP","MEN","PC_EMP","A","2011",4.913061,
"SVN","SELFEMPWEMP","MEN","PC_EMP","A","2012",4.691962,
"SVN","SELFEMPWEMP","MEN","PC_EMP","A","2013",4.501342,
"SVN","SELFEMPWEMP","MEN","PC_EMP","A","2014",4.733484,
"SVN","SELFEMPWEMP","MEN","PC_EMP","A","2015",4.84035,
"SVN","SELFEMPWEMP","MEN","PC_EMP","A","2016",5.166357,
"SVN","SELFEMPWEMP","WOMEN","PC_EMP","A","1996",2.148926,"N"
"SVN","SELFEMPWEMP","WOMEN","PC_EMP","A","1997",2.075,"N"
"SVN","SELFEMPWEMP","WOMEN","PC_EMP","A","1998",1.870999,"N"
"SVN","SELFEMPWEMP","WOMEN","PC_EMP","A","1999",2.350265,"N"
"SVN","SELFEMPWEMP","WOMEN","PC_EMP","A","2000",1.835773,"N"
"SVN","SELFEMPWEMP","WOMEN","PC_EMP","A","2001",2.121362,"N"
"SVN","SELFEMPWEMP","WOMEN","PC_EMP","A","2002",1.845556,"N"
"SVN","SELFEMPWEMP","WOMEN","PC_EMP","A","2003",1.826827,"N"
"SVN","SELFEMPWEMP","WOMEN","PC_EMP","A","2004",1.670195,"N"
"SVN","SELFEMPWEMP","WOMEN","PC_EMP","A","2005",1.938534,"B"
"SVN","SELFEMPWEMP","WOMEN","PC_EMP","A","2006",2.177476,
"SVN","SELFEMPWEMP","WOMEN","PC_EMP","A","2007",1.618871,
"SVN","SELFEMPWEMP","WOMEN","PC_EMP","A","2008",1.691475,
"SVN","SELFEMPWEMP","WOMEN","PC_EMP","A","2009",1.869585,
"SVN","SELFEMPWEMP","WOMEN","PC_EMP","A","2010",2.105994,
"SVN","SELFEMPWEMP","WOMEN","PC_EMP","A","2011",2.022365,
"SVN","SELFEMPWEMP","WOMEN","PC_EMP","A","2012",1.945712,
"SVN","SELFEMPWEMP","WOMEN","PC_EMP","A","2013",1.758296,
"SVN","SELFEMPWEMP","WOMEN","PC_EMP","A","2014",1.967536,
"SVN","SELFEMPWEMP","WOMEN","PC_EMP","A","2015",2.04928,
"SVN","SELFEMPWEMP","WOMEN","PC_EMP","A","2016",1.935022,
"ZAF","SELFEMPWEMP","MEN","PC_EMP","A","2010",7.351508,
"ZAF","SELFEMPWEMP","MEN","PC_EMP","A","2011",7.377365,
"ZAF","SELFEMPWEMP","MEN","PC_EMP","A","2012",7.357588,
"ZAF","SELFEMPWEMP","MEN","PC_EMP","A","2013",7.263762,
"ZAF","SELFEMPWEMP","MEN","PC_EMP","A","2014",7.191144,
"ZAF","SELFEMPWEMP","MEN","PC_EMP","A","2015",7.11902,
"ZAF","SELFEMPWEMP","MEN","PC_EMP","A","2016",7.459427,
"ZAF","SELFEMPWEMP","WOMEN","PC_EMP","A","2010",2.717476,
"ZAF","SELFEMPWEMP","WOMEN","PC_EMP","A","2011",2.809749,
"ZAF","SELFEMPWEMP","WOMEN","PC_EMP","A","2012",2.400901,
"ZAF","SELFEMPWEMP","WOMEN","PC_EMP","A","2013",2.530829,
"ZAF","SELFEMPWEMP","WOMEN","PC_EMP","A","2014",2.423886,
"ZAF","SELFEMPWEMP","WOMEN","PC_EMP","A","2015",2.215238,
"ZAF","SELFEMPWEMP","WOMEN","PC_EMP","A","2016",2.524765,
"NZL","SELFEMPWEMP","MEN","PC_EMP","A","2010",6.633081,
"NZL","SELFEMPWEMP","MEN","PC_EMP","A","2011",5.79093,
"NZL","SELFEMPWEMP","MEN","PC_EMP","A","2012",8.415629,
"NZL","SELFEMPWEMP","MEN","PC_EMP","A","2013",6.293563,
"NZL","SELFEMPWEMP","MEN","PC_EMP","A","2014",5.569974,
"NZL","SELFEMPWEMP","MEN","PC_EMP","A","2015",4.867517,
"NZL","SELFEMPWEMP","MEN","PC_EMP","A","2016",8.863341,
"NZL","SELFEMPWEMP","MEN","PC_EMP","A","2017",8.928572,
"NZL","SELFEMPWEMP","WOMEN","PC_EMP","A","2010",3.199052,
"NZL","SELFEMPWEMP","WOMEN","PC_EMP","A","2011",2.495292,
"NZL","SELFEMPWEMP","WOMEN","PC_EMP","A","2012",3.974794,
"NZL","SELFEMPWEMP","WOMEN","PC_EMP","A","2013",3.057385,
"NZL","SELFEMPWEMP","WOMEN","PC_EMP","A","2014",3.192446,
"NZL","SELFEMPWEMP","WOMEN","PC_EMP","A","2015",2.796272,
"NZL","SELFEMPWEMP","WOMEN","PC_EMP","A","2016",5.127673,
"NZL","SELFEMPWEMP","WOMEN","PC_EMP","A","2017",4.256157,
"LVA","SELFEMPWEMP","MEN","PC_EMP","A","1998",4.340771,
"LVA","SELFEMPWEMP","MEN","PC_EMP","A","1999",4.97664,
"LVA","SELFEMPWEMP","MEN","PC_EMP","A","2000",5.766793,
"LVA","SELFEMPWEMP","MEN","PC_EMP","A","2001",6.278714,
"LVA","SELFEMPWEMP","MEN","PC_EMP","A","2002",4.348763,"B"
"LVA","SELFEMPWEMP","MEN","PC_EMP","A","2003",4.998936,
"LVA","SELFEMPWEMP","MEN","PC_EMP","A","2004",3.85421,
"LVA","SELFEMPWEMP","MEN","PC_EMP","A","2005",4.333333,"B"
"LVA","SELFEMPWEMP","MEN","PC_EMP","A","2006",4.268775,
"LVA","SELFEMPWEMP","MEN","PC_EMP","A","2007",4.528811,
"LVA","SELFEMPWEMP","MEN","PC_EMP","A","2008",5.043341,
"LVA","SELFEMPWEMP","MEN","PC_EMP","A","2009",5.803996,
"LVA","SELFEMPWEMP","MEN","PC_EMP","A","2010",5.390287,
"LVA","SELFEMPWEMP","MEN","PC_EMP","A","2011",4.987715,
"LVA","SELFEMPWEMP","MEN","PC_EMP","A","2012",5.297219,
"LVA","SELFEMPWEMP","MEN","PC_EMP","A","2013",5.464736,
"LVA","SELFEMPWEMP","MEN","PC_EMP","A","2014",5.503513,
"LVA","SELFEMPWEMP","MEN","PC_EMP","A","2015",6.007887,
"LVA","SELFEMPWEMP","MEN","PC_EMP","A","2016",5.856068,
"LVA","SELFEMPWEMP","WOMEN","PC_EMP","A","1998",1.871773,
"LVA","SELFEMPWEMP","WOMEN","PC_EMP","A","1999",2.468861,
"LVA","SELFEMPWEMP","WOMEN","PC_EMP","A","2000",2.360612,
"LVA","SELFEMPWEMP","WOMEN","PC_EMP","A","2001",0,"N"
"LVA","SELFEMPWEMP","WOMEN","PC_EMP","A","2002",1.86632,"N"
"LVA","SELFEMPWEMP","WOMEN","PC_EMP","A","2003",0,"N"
"LVA","SELFEMPWEMP","WOMEN","PC_EMP","A","2004",2.466119,
"LVA","SELFEMPWEMP","WOMEN","PC_EMP","A","2005",2.378893,"B"
"LVA","SELFEMPWEMP","WOMEN","PC_EMP","A","2006",2.40939,
"LVA","SELFEMPWEMP","WOMEN","PC_EMP","A","2007",1.973022,
"LVA","SELFEMPWEMP","WOMEN","PC_EMP","A","2008",1.835595,
"LVA","SELFEMPWEMP","WOMEN","PC_EMP","A","2009",1.840894,
"LVA","SELFEMPWEMP","WOMEN","PC_EMP","A","2010",2.663605,
"LVA","SELFEMPWEMP","WOMEN","PC_EMP","A","2011",2.444649,
"LVA","SELFEMPWEMP","WOMEN","PC_EMP","A","2012",2.485044,
"LVA","SELFEMPWEMP","WOMEN","PC_EMP","A","2013",2.851928,
"LVA","SELFEMPWEMP","WOMEN","PC_EMP","A","2014",2.31696,
"LVA","SELFEMPWEMP","WOMEN","PC_EMP","A","2015",2.426184,
"LVA","SELFEMPWEMP","WOMEN","PC_EMP","A","2016",2.379318,
