"LOCATION","Country","INDICATOR","Indicator","SEX","Sex","AGE","Age","TIME","Time","Unit Code","Unit","PowerCode Code","PowerCode","Reference Period Code","Reference Period","Value","Flag Codes","Flags"
"AUS","Australia","ENT8","Share of the population with account in a financial institution","MEN","Men","TOTAL","Total","2011","2011","PC","Percentage","0","Units",,,99.595,,
"AUS","Australia","ENT8","Share of the population with account in a financial institution","MEN","Men","TOTAL","Total","2014","2014","PC","Percentage","0","Units",,,98.671,,
"AUS","Australia","ENT8","Share of the population with account in a financial institution","WOMEN","Women","TOTAL","Total","2011","2011","PC","Percentage","0","Units",,,98.592,,
"AUS","Australia","ENT8","Share of the population with account in a financial institution","WOMEN","Women","TOTAL","Total","2014","2014","PC","Percentage","0","Units",,,99.036,,
"AUT","Austria","ENT8","Share of the population with account in a financial institution","MEN","Men","TOTAL","Total","2011","2011","PC","Percentage","0","Units",,,97.737,,
"AUT","Austria","ENT8","Share of the population with account in a financial institution","MEN","Men","TOTAL","Total","2014","2014","PC","Percentage","0","Units",,,96.056,,
"AUT","Austria","ENT8","Share of the population with account in a financial institution","WOMEN","Women","TOTAL","Total","2011","2011","PC","Percentage","0","Units",,,96.563,,
"AUT","Austria","ENT8","Share of the population with account in a financial institution","WOMEN","Women","TOTAL","Total","2014","2014","PC","Percentage","0","Units",,,97.373,,
"BEL","Belgium","ENT8","Share of the population with account in a financial institution","MEN","Men","TOTAL","Total","2011","2011","PC","Percentage","0","Units",,,95.296,,
"BEL","Belgium","ENT8","Share of the population with account in a financial institution","MEN","Men","TOTAL","Total","2014","2014","PC","Percentage","0","Units",,,96.69,,
"BEL","Belgium","ENT8","Share of the population with account in a financial institution","WOMEN","Women","TOTAL","Total","2011","2011","PC","Percentage","0","Units",,,97.185,,
"BEL","Belgium","ENT8","Share of the population with account in a financial institution","WOMEN","Women","TOTAL","Total","2014","2014","PC","Percentage","0","Units",,,99.506,,
"CAN","Canada","ENT8","Share of the population with account in a financial institution","MEN","Men","TOTAL","Total","2011","2011","PC","Percentage","0","Units",,,94.275,,
"CAN","Canada","ENT8","Share of the population with account in a financial institution","MEN","Men","TOTAL","Total","2014","2014","PC","Percentage","0","Units",,,99.003,,
"CAN","Canada","ENT8","Share of the population with account in a financial institution","WOMEN","Women","TOTAL","Total","2011","2011","PC","Percentage","0","Units",,,97.233,,
"CAN","Canada","ENT8","Share of the population with account in a financial institution","WOMEN","Women","TOTAL","Total","2014","2014","PC","Percentage","0","Units",,,99.196,,
"CZE","Czech Republic","ENT8","Share of the population with account in a financial institution","MEN","Men","TOTAL","Total","2011","2011","PC","Percentage","0","Units",,,80.803,,
"CZE","Czech Republic","ENT8","Share of the population with account in a financial institution","MEN","Men","TOTAL","Total","2014","2014","PC","Percentage","0","Units",,,85.165,,
"CZE","Czech Republic","ENT8","Share of the population with account in a financial institution","WOMEN","Women","TOTAL","Total","2011","2011","PC","Percentage","0","Units",,,80.514,,
"CZE","Czech Republic","ENT8","Share of the population with account in a financial institution","WOMEN","Women","TOTAL","Total","2014","2014","PC","Percentage","0","Units",,,79.373,,
"DNK","Denmark","ENT8","Share of the population with account in a financial institution","MEN","Men","TOTAL","Total","2011","2011","PC","Percentage","0","Units",,,100,,
"DNK","Denmark","ENT8","Share of the population with account in a financial institution","MEN","Men","TOTAL","Total","2014","2014","PC","Percentage","0","Units",,,100,,
"DNK","Denmark","ENT8","Share of the population with account in a financial institution","WOMEN","Women","TOTAL","Total","2011","2011","PC","Percentage","0","Units",,,99.498,,
"DNK","Denmark","ENT8","Share of the population with account in a financial institution","WOMEN","Women","TOTAL","Total","2014","2014","PC","Percentage","0","Units",,,100,,
"FIN","Finland","ENT8","Share of the population with account in a financial institution","MEN","Men","TOTAL","Total","2011","2011","PC","Percentage","0","Units",,,99.459,,
"FIN","Finland","ENT8","Share of the population with account in a financial institution","MEN","Men","TOTAL","Total","2014","2014","PC","Percentage","0","Units",,,100,,
"FIN","Finland","ENT8","Share of the population with account in a financial institution","WOMEN","Women","TOTAL","Total","2011","2011","PC","Percentage","0","Units",,,99.818,,
"FIN","Finland","ENT8","Share of the population with account in a financial institution","WOMEN","Women","TOTAL","Total","2014","2014","PC","Percentage","0","Units",,,100,,
"FRA","France","ENT8","Share of the population with account in a financial institution","MEN","Men","TOTAL","Total","2011","2011","PC","Percentage","0","Units",,,97.489,,
"FRA","France","ENT8","Share of the population with account in a financial institution","MEN","Men","TOTAL","Total","2014","2014","PC","Percentage","0","Units",,,97.788,,
"FRA","France","ENT8","Share of the population with account in a financial institution","WOMEN","Women","TOTAL","Total","2011","2011","PC","Percentage","0","Units",,,96.573,,
"FRA","France","ENT8","Share of the population with account in a financial institution","WOMEN","Women","TOTAL","Total","2014","2014","PC","Percentage","0","Units",,,95.467,,
"DEU","Germany","ENT8","Share of the population with account in a financial institution","MEN","Men","TOTAL","Total","2011","2011","PC","Percentage","0","Units",,,97.536,,
"DEU","Germany","ENT8","Share of the population with account in a financial institution","MEN","Men","TOTAL","Total","2014","2014","PC","Percentage","0","Units",,,98.049,,
"DEU","Germany","ENT8","Share of the population with account in a financial institution","WOMEN","Women","TOTAL","Total","2011","2011","PC","Percentage","0","Units",,,98.705,,
"DEU","Germany","ENT8","Share of the population with account in a financial institution","WOMEN","Women","TOTAL","Total","2014","2014","PC","Percentage","0","Units",,,99.442,,
"GRC","Greece","ENT8","Share of the population with account in a financial institution","MEN","Men","TOTAL","Total","2011","2011","PC","Percentage","0","Units",,,80.337,,
"GRC","Greece","ENT8","Share of the population with account in a financial institution","MEN","Men","TOTAL","Total","2014","2014","PC","Percentage","0","Units",,,88.48,,
"GRC","Greece","ENT8","Share of the population with account in a financial institution","WOMEN","Women","TOTAL","Total","2011","2011","PC","Percentage","0","Units",,,75.71,,
"GRC","Greece","ENT8","Share of the population with account in a financial institution","WOMEN","Women","TOTAL","Total","2014","2014","PC","Percentage","0","Units",,,86.613,,
"HUN","Hungary","ENT8","Share of the population with account in a financial institution","MEN","Men","TOTAL","Total","2011","2011","PC","Percentage","0","Units",,,72.214,,
"HUN","Hungary","ENT8","Share of the population with account in a financial institution","MEN","Men","TOTAL","Total","2014","2014","PC","Percentage","0","Units",,,71.98,,
"HUN","Hungary","ENT8","Share of the population with account in a financial institution","WOMEN","Women","TOTAL","Total","2011","2011","PC","Percentage","0","Units",,,73.062,,
"HUN","Hungary","ENT8","Share of the population with account in a financial institution","WOMEN","Women","TOTAL","Total","2014","2014","PC","Percentage","0","Units",,,72.498,,
"IRL","Ireland","ENT8","Share of the population with account in a financial institution","MEN","Men","TOTAL","Total","2011","2011","PC","Percentage","0","Units",,,95.742,,
"IRL","Ireland","ENT8","Share of the population with account in a financial institution","MEN","Men","TOTAL","Total","2014","2014","PC","Percentage","0","Units",,,94.651,,
"IRL","Ireland","ENT8","Share of the population with account in a financial institution","WOMEN","Women","TOTAL","Total","2011","2011","PC","Percentage","0","Units",,,92.2,,
"IRL","Ireland","ENT8","Share of the population with account in a financial institution","WOMEN","Women","TOTAL","Total","2014","2014","PC","Percentage","0","Units",,,94.769,,
"ITA","Italy","ENT8","Share of the population with account in a financial institution","MEN","Men","TOTAL","Total","2011","2011","PC","Percentage","0","Units",,,79.131,,
"ITA","Italy","ENT8","Share of the population with account in a financial institution","MEN","Men","TOTAL","Total","2014","2014","PC","Percentage","0","Units",,,91.869,,
"ITA","Italy","ENT8","Share of the population with account in a financial institution","WOMEN","Women","TOTAL","Total","2011","2011","PC","Percentage","0","Units",,,64.345,,
"ITA","Italy","ENT8","Share of the population with account in a financial institution","WOMEN","Women","TOTAL","Total","2014","2014","PC","Percentage","0","Units",,,83.16,,
"JPN","Japan","ENT8","Share of the population with account in a financial institution","MEN","Men","TOTAL","Total","2011","2011","PC","Percentage","0","Units",,,95.972,,
"JPN","Japan","ENT8","Share of the population with account in a financial institution","MEN","Men","TOTAL","Total","2014","2014","PC","Percentage","0","Units",,,96.237,,
"JPN","Japan","ENT8","Share of the population with account in a financial institution","WOMEN","Women","TOTAL","Total","2011","2011","PC","Percentage","0","Units",,,96.845,,
"JPN","Japan","ENT8","Share of the population with account in a financial institution","WOMEN","Women","TOTAL","Total","2014","2014","PC","Percentage","0","Units",,,97.015,,
"LUX","Luxembourg","ENT8","Share of the population with account in a financial institution","MEN","Men","TOTAL","Total","2011","2011","PC","Percentage","0","Units",,,93.749,,
"LUX","Luxembourg","ENT8","Share of the population with account in a financial institution","MEN","Men","TOTAL","Total","2014","2014","PC","Percentage","0","Units",,,95.637,,
"LUX","Luxembourg","ENT8","Share of the population with account in a financial institution","WOMEN","Women","TOTAL","Total","2011","2011","PC","Percentage","0","Units",,,95.326,,
"LUX","Luxembourg","ENT8","Share of the population with account in a financial institution","WOMEN","Women","TOTAL","Total","2014","2014","PC","Percentage","0","Units",,,96.692,,
"MEX","Mexico","ENT8","Share of the population with account in a financial institution","MEN","Men","TOTAL","Total","2011","2011","PC","Percentage","0","Units",,,33.192,,
"MEX","Mexico","ENT8","Share of the population with account in a financial institution","MEN","Men","TOTAL","Total","2014","2014","PC","Percentage","0","Units",,,38.537,,
"MEX","Mexico","ENT8","Share of the population with account in a financial institution","WOMEN","Women","TOTAL","Total","2011","2011","PC","Percentage","0","Units",,,21.966,,
"MEX","Mexico","ENT8","Share of the population with account in a financial institution","WOMEN","Women","TOTAL","Total","2014","2014","PC","Percentage","0","Units",,,38.844,,
"NLD","Netherlands","ENT8","Share of the population with account in a financial institution","MEN","Men","TOTAL","Total","2011","2011","PC","Percentage","0","Units",,,98.971,,
"NLD","Netherlands","ENT8","Share of the population with account in a financial institution","MEN","Men","TOTAL","Total","2014","2014","PC","Percentage","0","Units",,,99.419,,
"NLD","Netherlands","ENT8","Share of the population with account in a financial institution","WOMEN","Women","TOTAL","Total","2011","2011","PC","Percentage","0","Units",,,98.4,,
"NLD","Netherlands","ENT8","Share of the population with account in a financial institution","WOMEN","Women","TOTAL","Total","2014","2014","PC","Percentage","0","Units",,,99.176,,
"NZL","New Zealand","ENT8","Share of the population with account in a financial institution","MEN","Men","TOTAL","Total","2011","2011","PC","Percentage","0","Units",,,99.424,,
"NZL","New Zealand","ENT8","Share of the population with account in a financial institution","MEN","Men","TOTAL","Total","2014","2014","PC","Percentage","0","Units",,,99.864,,
"NZL","New Zealand","ENT8","Share of the population with account in a financial institution","WOMEN","Women","TOTAL","Total","2011","2011","PC","Percentage","0","Units",,,99.448,,
"NZL","New Zealand","ENT8","Share of the population with account in a financial institution","WOMEN","Women","TOTAL","Total","2014","2014","PC","Percentage","0","Units",,,99.223,,
"POL","Poland","ENT8","Share of the population with account in a financial institution","MEN","Men","TOTAL","Total","2011","2011","PC","Percentage","0","Units",,,72.372,,
"POL","Poland","ENT8","Share of the population with account in a financial institution","MEN","Men","TOTAL","Total","2014","2014","PC","Percentage","0","Units",,,83.26,,
"POL","Poland","ENT8","Share of the population with account in a financial institution","WOMEN","Women","TOTAL","Total","2011","2011","PC","Percentage","0","Units",,,68.287,,
"POL","Poland","ENT8","Share of the population with account in a financial institution","WOMEN","Women","TOTAL","Total","2014","2014","PC","Percentage","0","Units",,,72.958,,
"PRT","Portugal","ENT8","Share of the population with account in a financial institution","MEN","Men","TOTAL","Total","2011","2011","PC","Percentage","0","Units",,,85.137,,
"PRT","Portugal","ENT8","Share of the population with account in a financial institution","MEN","Men","TOTAL","Total","2014","2014","PC","Percentage","0","Units",,,88.836,,
"PRT","Portugal","ENT8","Share of the population with account in a financial institution","WOMEN","Women","TOTAL","Total","2011","2011","PC","Percentage","0","Units",,,77.804,,
"PRT","Portugal","ENT8","Share of the population with account in a financial institution","WOMEN","Women","TOTAL","Total","2014","2014","PC","Percentage","0","Units",,,86.108,,
"SVK","Slovak Republic","ENT8","Share of the population with account in a financial institution","MEN","Men","TOTAL","Total","2011","2011","PC","Percentage","0","Units",,,80.332,,
"SVK","Slovak Republic","ENT8","Share of the population with account in a financial institution","MEN","Men","TOTAL","Total","2014","2014","PC","Percentage","0","Units",,,74.286,,
"SVK","Slovak Republic","ENT8","Share of the population with account in a financial institution","WOMEN","Women","TOTAL","Total","2011","2011","PC","Percentage","0","Units",,,78.918,,
"SVK","Slovak Republic","ENT8","Share of the population with account in a financial institution","WOMEN","Women","TOTAL","Total","2014","2014","PC","Percentage","0","Units",,,79.973,,
"ESP","Spain","ENT8","Share of the population with account in a financial institution","MEN","Men","TOTAL","Total","2011","2011","PC","Percentage","0","Units",,,95.205,,
"ESP","Spain","ENT8","Share of the population with account in a financial institution","MEN","Men","TOTAL","Total","2014","2014","PC","Percentage","0","Units",,,97.582,,
"ESP","Spain","ENT8","Share of the population with account in a financial institution","WOMEN","Women","TOTAL","Total","2011","2011","PC","Percentage","0","Units",,,91.661,,
"ESP","Spain","ENT8","Share of the population with account in a financial institution","WOMEN","Women","TOTAL","Total","2014","2014","PC","Percentage","0","Units",,,97.568,,
"SWE","Sweden","ENT8","Share of the population with account in a financial institution","MEN","Men","TOTAL","Total","2011","2011","PC","Percentage","0","Units",,,98.97,,
"SWE","Sweden","ENT8","Share of the population with account in a financial institution","MEN","Men","TOTAL","Total","2014","2014","PC","Percentage","0","Units",,,99.681,,
"SWE","Sweden","ENT8","Share of the population with account in a financial institution","WOMEN","Women","TOTAL","Total","2011","2011","PC","Percentage","0","Units",,,99.013,,
"SWE","Sweden","ENT8","Share of the population with account in a financial institution","WOMEN","Women","TOTAL","Total","2014","2014","PC","Percentage","0","Units",,,99.758,,
"TUR","Turkey","ENT8","Share of the population with account in a financial institution","MEN","Men","TOTAL","Total","2011","2011","PC","Percentage","0","Units",,,82.057,,
"TUR","Turkey","ENT8","Share of the population with account in a financial institution","MEN","Men","TOTAL","Total","2014","2014","PC","Percentage","0","Units",,,69.004,,
"TUR","Turkey","ENT8","Share of the population with account in a financial institution","WOMEN","Women","TOTAL","Total","2011","2011","PC","Percentage","0","Units",,,32.68,,
"TUR","Turkey","ENT8","Share of the population with account in a financial institution","WOMEN","Women","TOTAL","Total","2014","2014","PC","Percentage","0","Units",,,44.282,,
"GBR","United Kingdom","ENT8","Share of the population with account in a financial institution","MEN","Men","TOTAL","Total","2011","2011","PC","Percentage","0","Units",,,96.707,,
"GBR","United Kingdom","ENT8","Share of the population with account in a financial institution","MEN","Men","TOTAL","Total","2014","2014","PC","Percentage","0","Units",,,99.222,,
"GBR","United Kingdom","ENT8","Share of the population with account in a financial institution","WOMEN","Women","TOTAL","Total","2011","2011","PC","Percentage","0","Units",,,97.652,,
"GBR","United Kingdom","ENT8","Share of the population with account in a financial institution","WOMEN","Women","TOTAL","Total","2014","2014","PC","Percentage","0","Units",,,98.653,,
"USA","United States","ENT8","Share of the population with account in a financial institution","MEN","Men","TOTAL","Total","2011","2011","PC","Percentage","0","Units",,,91.982,,
"USA","United States","ENT8","Share of the population with account in a financial institution","MEN","Men","TOTAL","Total","2014","2014","PC","Percentage","0","Units",,,92.361,,
"USA","United States","ENT8","Share of the population with account in a financial institution","WOMEN","Women","TOTAL","Total","2011","2011","PC","Percentage","0","Units",,,84.069,,
"USA","United States","ENT8","Share of the population with account in a financial institution","WOMEN","Women","TOTAL","Total","2014","2014","PC","Percentage","0","Units",,,94.798,,
"BRA","Brazil","ENT8","Share of the population with account in a financial institution","MEN","Men","TOTAL","Total","2011","2011","PC","Percentage","0","Units",,,61.098,,
"BRA","Brazil","ENT8","Share of the population with account in a financial institution","MEN","Men","TOTAL","Total","2014","2014","PC","Percentage","0","Units",,,71.688,,
"BRA","Brazil","ENT8","Share of the population with account in a financial institution","WOMEN","Women","TOTAL","Total","2011","2011","PC","Percentage","0","Units",,,51.018,,
"BRA","Brazil","ENT8","Share of the population with account in a financial institution","WOMEN","Women","TOTAL","Total","2014","2014","PC","Percentage","0","Units",,,64.773,,
"CHL","Chile","ENT8","Share of the population with account in a financial institution","MEN","Men","TOTAL","Total","2011","2011","PC","Percentage","0","Units",,,43.442,,
"CHL","Chile","ENT8","Share of the population with account in a financial institution","MEN","Men","TOTAL","Total","2014","2014","PC","Percentage","0","Units",,,67.818,,
"CHL","Chile","ENT8","Share of the population with account in a financial institution","WOMEN","Women","TOTAL","Total","2011","2011","PC","Percentage","0","Units",,,40.974,,
"CHL","Chile","ENT8","Share of the population with account in a financial institution","WOMEN","Women","TOTAL","Total","2014","2014","PC","Percentage","0","Units",,,59.073,,
"CHN","China (People's Republic of)","ENT8","Share of the population with account in a financial institution","MEN","Men","TOTAL","Total","2011","2011","PC","Percentage","0","Units",,,67.585,,
"CHN","China (People's Republic of)","ENT8","Share of the population with account in a financial institution","MEN","Men","TOTAL","Total","2014","2014","PC","Percentage","0","Units",,,81.419,,
"CHN","China (People's Republic of)","ENT8","Share of the population with account in a financial institution","WOMEN","Women","TOTAL","Total","2011","2011","PC","Percentage","0","Units",,,60.009,,
"CHN","China (People's Republic of)","ENT8","Share of the population with account in a financial institution","WOMEN","Women","TOTAL","Total","2014","2014","PC","Percentage","0","Units",,,76.36,,
"EST","Estonia","ENT8","Share of the population with account in a financial institution","MEN","Men","TOTAL","Total","2011","2011","PC","Percentage","0","Units",,,96.287,,
"EST","Estonia","ENT8","Share of the population with account in a financial institution","MEN","Men","TOTAL","Total","2014","2014","PC","Percentage","0","Units",,,97.921,,
"EST","Estonia","ENT8","Share of the population with account in a financial institution","WOMEN","Women","TOTAL","Total","2011","2011","PC","Percentage","0","Units",,,97.261,,
"EST","Estonia","ENT8","Share of the population with account in a financial institution","WOMEN","Women","TOTAL","Total","2014","2014","PC","Percentage","0","Units",,,97.467,,
"IND","India","ENT8","Share of the population with account in a financial institution","MEN","Men","TOTAL","Total","2011","2011","PC","Percentage","0","Units",,,43.737,,
"IND","India","ENT8","Share of the population with account in a financial institution","MEN","Men","TOTAL","Total","2014","2014","PC","Percentage","0","Units",,,62.472,,
"IND","India","ENT8","Share of the population with account in a financial institution","WOMEN","Women","TOTAL","Total","2011","2011","PC","Percentage","0","Units",,,26.491,,
"IND","India","ENT8","Share of the population with account in a financial institution","WOMEN","Women","TOTAL","Total","2014","2014","PC","Percentage","0","Units",,,42.644,,
"IDN","Indonesia","ENT8","Share of the population with account in a financial institution","MEN","Men","TOTAL","Total","2011","2011","PC","Percentage","0","Units",,,19.967,,
"IDN","Indonesia","ENT8","Share of the population with account in a financial institution","MEN","Men","TOTAL","Total","2014","2014","PC","Percentage","0","Units",,,34.618,,
"IDN","Indonesia","ENT8","Share of the population with account in a financial institution","WOMEN","Women","TOTAL","Total","2011","2011","PC","Percentage","0","Units",,,19.208,,
"IDN","Indonesia","ENT8","Share of the population with account in a financial institution","WOMEN","Women","TOTAL","Total","2014","2014","PC","Percentage","0","Units",,,37.244,,
"ISR","Israel","ENT8","Share of the population with account in a financial institution","MEN","Men","TOTAL","Total","2011","2011","PC","Percentage","0","Units",,,88.404,,
"ISR","Israel","ENT8","Share of the population with account in a financial institution","MEN","Men","TOTAL","Total","2014","2014","PC","Percentage","0","Units",,,89.886,,
"ISR","Israel","ENT8","Share of the population with account in a financial institution","WOMEN","Women","TOTAL","Total","2011","2011","PC","Percentage","0","Units",,,92.438,,
"ISR","Israel","ENT8","Share of the population with account in a financial institution","WOMEN","Women","TOTAL","Total","2014","2014","PC","Percentage","0","Units",,,90.017,,
"RUS","Russia","ENT8","Share of the population with account in a financial institution","MEN","Men","TOTAL","Total","2011","2011","PC","Percentage","0","Units",,,48.781,,
"RUS","Russia","ENT8","Share of the population with account in a financial institution","MEN","Men","TOTAL","Total","2014","2014","PC","Percentage","0","Units",,,63.8,,
"RUS","Russia","ENT8","Share of the population with account in a financial institution","WOMEN","Women","TOTAL","Total","2011","2011","PC","Percentage","0","Units",,,47.703,,
"RUS","Russia","ENT8","Share of the population with account in a financial institution","WOMEN","Women","TOTAL","Total","2014","2014","PC","Percentage","0","Units",,,70.193,,
"SVN","Slovenia","ENT8","Share of the population with account in a financial institution","MEN","Men","TOTAL","Total","2011","2011","PC","Percentage","0","Units",,,96.062,,
"SVN","Slovenia","ENT8","Share of the population with account in a financial institution","MEN","Men","TOTAL","Total","2014","2014","PC","Percentage","0","Units",,,97.527,,
"SVN","Slovenia","ENT8","Share of the population with account in a financial institution","WOMEN","Women","TOTAL","Total","2011","2011","PC","Percentage","0","Units",,,98.11,,
"SVN","Slovenia","ENT8","Share of the population with account in a financial institution","WOMEN","Women","TOTAL","Total","2014","2014","PC","Percentage","0","Units",,,96.978,,
"ZAF","South Africa","ENT8","Share of the population with account in a financial institution","MEN","Men","TOTAL","Total","2011","2011","PC","Percentage","0","Units",,,56.38,,
"ZAF","South Africa","ENT8","Share of the population with account in a financial institution","MEN","Men","TOTAL","Total","2014","2014","PC","Percentage","0","Units",,,68.77,,
"ZAF","South Africa","ENT8","Share of the population with account in a financial institution","WOMEN","Women","TOTAL","Total","2011","2011","PC","Percentage","0","Units",,,51.023,,
"ZAF","South Africa","ENT8","Share of the population with account in a financial institution","WOMEN","Women","TOTAL","Total","2014","2014","PC","Percentage","0","Units",,,68.765,,
"CHE","Switzerland","ENT8","Share of the population with account in a financial institution","WOMEN","Women","TOTAL","Total","2014","2014","PC","Percentage","0","Units",,,96.695,,
"NOR","Norway","ENT8","Share of the population with account in a financial institution","MEN","Men","TOTAL","Total","2014","2014","PC","Percentage","0","Units",,,100,,
"KOR","Korea","ENT8","Share of the population with account in a financial institution","MEN","Men","TOTAL","Total","2011","2011","PC","Percentage","0","Units",,,92.983,,
"KOR","Korea","ENT8","Share of the population with account in a financial institution","MEN","Men","TOTAL","Total","2014","2014","PC","Percentage","0","Units",,,95.391,,
"NOR","Norway","ENT8","Share of the population with account in a financial institution","WOMEN","Women","TOTAL","Total","2014","2014","PC","Percentage","0","Units",,,100,,
"CHE","Switzerland","ENT8","Share of the population with account in a financial institution","MEN","Men","TOTAL","Total","2014","2014","PC","Percentage","0","Units",,,99.364,,
"KOR","Korea","ENT8","Share of the population with account in a financial institution","WOMEN","Women","TOTAL","Total","2011","2011","PC","Percentage","0","Units",,,93.108,,
"KOR","Korea","ENT8","Share of the population with account in a financial institution","WOMEN","Women","TOTAL","Total","2014","2014","PC","Percentage","0","Units",,,93.38,,
